DeSPAC Ticker,DeSPAC Company,SPAC Ticker/Name,Pre-Merger Name,Compl. Date,Comm. Rtrn %,Ann. Return %,Comm. Price,Comm. % Chg,Mkt. Cap,Warr. Status,Warr. Price,IPO Date,IPO Size (M),Target Focus,Prom. Leaders,Underwriters,Clos. PR Link,SEC Filings,Post-Close S-1 File Date,S-1 Effective Date,Warr. Ex. Date,Warr. Ex D.L.
RGTI,"Rigetti Computing, Inc.","SNII Supernova Partners Acquisition Co II, Ltd.",,3/2/2022,-24.40%,-23.90%,$7.56 ,10.80%,"$765,833,965 ",Warrants Trading,$1.40 ,3/1/2021,$345.00 ,Tech (Enterprise),"Spencer Rascoff (Co-founder/ Fmr CEO, Zi...",J.P. Morgan,Clos. PR Link,SEC Filings,,,4/2/2022,
QTEK,QualTek Services Inc.,ROCR Roth CH Acquisition III Co.,,2/14/2022,-71.20%,-69.90%,$2.88 ,8.70%,$0 ,Warrants Trading,$0.36 ,3/2/2021,$115.00 ,"Business Services, Consumer, Healthcare,...","Byron Roth (CEO, Roth)","Roth Capital Partners, Craig-Hallum Capi...",Clos. PR Link,SEC Filings,8/26/2021,2/15/2022,3/14/2022,
ISPO,Inspirato Incorporated,TVAC Thayer Ventures Acquisition Corp,,2/11/2022,41.10%,33.10%,$14.11 ,-7.50%,"$243,397,500 ",,,12/11/2020,$176.00 ,Travel and Transportation Tech,"Mark Farrell (Managing Director, Thayer ...","Stifel, Oppenheimer",Clos. PR Link,SEC Filings,2/2/2022,2/14/2022,3/11/2022,
NRGV,"Energy Vault, Inc.",NXU Novus Capital Corporation II,,2/11/2022,21.60%,19.80%,$12.16 ,4.00%,$0 ,Warrants Trading,$1.22 ,2/3/2021,$287.50 ,"Smart Tech, 5G communication, VR, AI, Cl...",Robert Laikin (Founder of L7 Investments...,Cowen,Clos. PR Link,SEC Filings,2/14/2022,,3/11/2022,
CPTN,"Cepton, Inc.",GCAC Growth Capital Acquisition Corp.,"Cepton Technologies, Inc.",2/10/2022,-19.10%,-17.30%,$8.09 ,-10.00%,"$1,246,248,328 ",Warrants Trading,$0.52 ,1/29/2021,$172.50 ,,Prokopios Tsirigakis (CEO of Nautilus En...,Maxim,Clos. PR Link,SEC Filings,11/3/2021,,3/10/2022,
BRCC,BRC Inc.,SBEA SilverBox Engaged Merger Corp I,Black Rifle Coffee Company (Authentic Brands LLC),2/9/2022,66.80%,64.70%,$16.68 ,4.50%,"$575,460,000 ",Warrants Trading,$2.90 ,2/25/2021,$345.00 ,,"Stephen Kadenacy (Former COO, AECOM)","Citigroup, Deutsche Bank Securities",Clos. PR Link,SEC Filings,,,3/9/2022,
QNGY,"Quanergy Systems, Inc.",CCAC CITIC Capital Acquisition Corp,,2/8/2022,-72.30%,-34.90%,$2.77 ,4.50%,$0 ,Warrants Trading,$0.34 ,2/11/2020,$276.00 ,"Energy Efficiency, Clean Tech, Sustainab...",,Credit Suisse,Clos. PR Link,SEC Filings,,,3/8/2022,
LFLY,Leafly Holdings Inc.,MCMJ Merida Merger Corp. I,,2/4/2022,-33.20%,-14.20%,$6.68 ,9.70%,"$100,080,248 ",,,11/5/2019,$130.00 ,Cannabis,,EarlyBirdCapital,Clos. PR Link,SEC Filings,,,3/4/2022,
FSRD,"Fast Radius, Inc.",ENNV ECP Environmental Growth Opportunities Corp.,,2/4/2022,-82.50%,-76.40%,$1.75 ,5.40%,"$60,375,000 ",,,2/8/2021,$345.00 ,"Sustainable energy production, Sustainab...","Doug Kimmelman (Founder, Energy Capital ...","Barclays, Morgan Stanley",Clos. PR Link,SEC Filings,,,3/4/2022,
ANGH,Anghami Inc.,VMAC Vistas Media Acquisition Company Inc.,,2/3/2022,18.40%,11.60%,$11.84 ,-0.30%,"$305,104,569 ",Warrants Trading,$0.70 ,8/7/2020,$100.00 ,"Media, Entertainment",,"I-Bankers, EarlyBirdCapital, US Tiger Se...",Clos. PR Link,SEC Filings,2/14/2022,,3/3/2022,
SES,SES AI Corporation,IVAN Ivanhoe Capital Acquisition Corp.,SES Holdings Pte. Ltd.,2/3/2022,-35.90%,-30.70%,$6.41 ,5.60%,"$176,916,000 ",Warrants Trading,$1.16 ,1/6/2021,$276.00 ,"Electrification (Mining, Transportation,...","Robert Friedland (President/CEO, Ivanhoe...",Morgan Stanley,Clos. PR Link,SEC Filings,2/14/2022,,3/3/2022,
GRNA,GreenLight Biosciences Holdings,ENVI Environmental Impact Acquisition Corp.,,2/2/2022,-19.80%,-17.20%,$8.02 ,19.50%,$0 ,Warrants Trading,$0.66 ,1/13/2021,$207.00 ,Sustainability,Daniel Coyne (Co-Head US Investment Bank...,Canaccord Genuity,Clos. PR Link,SEC Filings,2/7/2022,2/15/2022,3/2/2022,
SST,"System1, Inc.",TREB Trebia Acquisition Corp,,1/27/2022,65.60%,38.00%,$16.56 ,2.50%,"$1,352,895,928 ",Warrants Trading,$1.56 ,6/17/2020,$517.50 ,"Financial Services, Tech",Bill Foley (Chairman of Fidelity Nationa...,"Credit Suisse, BofA Securities",Clos. PR Link,SEC Filings,2/9/2022,,2/27/2022,
SGHC,SGHC Limited,SEAH Sports Entertainment Acquisition Corp.,,1/27/2022,-16.50%,-11.50%,$8.35 ,4.40%,"$4,039,020,651 ",Warrants Trading,$1.51 ,10/2/2020,$450.00 ,"Sports (incl. Tech & Services), Entertai...",Eric Grubman (Former Exec VP Business Op...,"Goldman Sachs, PJT Partners",Clos. PR Link,SEC Filings,,,2/27/2022,
SKYH,Sky Harbour Group Corporation,YSAC Yellowstone Acquisition Company,,1/25/2022,145.00%,105.00%,$24.50 ,-17.90%,"$333,173,001 ",Warrants Trading,$1.13 ,10/21/2020,$138.70 ,"Homebuilding, manufacturing serving the ...",,Wells Fargo Securities,Clos. PR Link,SEC Filings,,,2/25/2022,
SATL,Satellogic Inc.,CFV CF Acquisition Corp. V,,1/25/2022,-26.20%,-23.60%,$7.38 ,5.40%,"$407,095,501 ",Warrants Trading,$0.74 ,1/28/2021,$250.00 ,"Financial services, Healthcare, Real est...","Howard Lutnick (CEO, Cantor)",Cantor,Clos. PR Link,SEC Filings,2/14/2022,,2/25/2022,
CORZ,"Core Scientific, Inc.",XPDI Power & Digital Infrastructure Acquisition Corp.,,1/20/2022,-26.30%,-24.40%,$7.37 ,2.50%,$0 ,Warrants Trading,$1.94 ,2/9/2021,$345.00 ,"Electrical Power Grid Transition, Energy...",,"Barclays, BofA Securities",Clos. PR Link,SEC Filings,,,2/20/2022,
SOND,Sonder Holdings Inc.,"GMII Gores Metropoulos II, Inc.",,1/18/2022,-50.60%,-44.60%,$4.94 ,-2.20%,"$1,070,430,944 ",Warrants Trading,$0.88 ,1/19/2021,$450.00 ,Consumer Products and Services,"Dean Metropoulos (Exec Chairman, Hostess...","Deutsche Bank, Citigroup",Clos. PR Link,SEC Filings,1/31/2022,2/10/2022,2/18/2022,
GLS,"Gelesis Holdings, Inc.",CPSR Capstar Special Purpose Acquisition,,1/14/2022,-60.10%,-35.70%,$3.99 ,7.80%,$0 ,Warrants Trading,$0.17 ,7/2/2020,$276.00 ,"Healthcare, Tech, Media, Telecom",,"Citigroup, UBS",,SEC Filings,2/11/2022,,2/14/2022,
DCFC,Tritium,DCRN Decarbonization Plus Acquisition Corporation II,,1/13/2022,-25.70%,-23.50%,$7.43 ,4.50%,"$1,167,728,735 ",Warrants Trading,$1.78 ,2/3/2021,$402.50 ,"Global decarbonization (incl. energy, ag...","Erik Anderson (Founder, WestRiver Group;...","Credit Suisse, Citigroup",Clos. PR Link,SEC Filings,2/11/2022,,2/13/2022,
REVB,Revelation Biosciences Inc.,"PAIC Petra Acquisition, Inc.",,1/11/2022,-83.00%,-58.60%,$1.70 ,83.80%,"$15,466,071 ",Warrants Trading,$0.15 ,10/8/2020,$70.70 ,Healthcare,,"LifeSci Capital, Ladenburg Thalmann",Clos. PR Link,SEC Filings,1/28/2022,2/8/2022,2/11/2022,
DAVE,Dave Inc.,"VPCC VPC Impact Acquisition Holdings III, Inc.",,1/5/2022,-48.40%,-47.70%,$5.16 ,18.30%,"$1,538,752,620 ",Warrants Trading,$0.64 ,3/4/2021,$253.80 ,Fintech (US),,"Citigroup, Jefferies",Clos. PR Link,SEC Filings,2/2/2022,2/11/2022,3/4/2022,
HLGN,Heliogen Inc.,ATHN Athena Technology Acquisition Corp.,,12/30/2021,-49.60%,,$5.04 ,0.60%,"$129,528,000 ",Warrants Trading,$1.05 ,3/16/2021,$250.00 ,"Tech, Direct to Consumer, Fintech","Isbelle Freidheim (Co-founder/MP, Starwo...",Citigroup,Clos. PR Link,SEC Filings,1/24/2022,2/4/2022,3/16/2022,
VORB,Virgin Orbit,NGCA NextGen Acquisition Corp. II,,12/29/2021,-40.90%,,$5.91 ,14.50%,"$1,979,376,692 ",Warrants Trading,$0.94 ,3/22/2021,$382.60 ,"Industrial, Tech, and Healthcare",George Mattson (Director of Delta Air Li...,"Goldman Sachs & Co. LLC, Credit Suisse",Clos. PR Link,SEC Filings,1/25/2022,2/3/2022,3/22/2022,
CMPO,"CompoSecure Holdings, Inc.",DBDR Roman DBDR Tech Acquisition Corp.,,12/27/2021,-31.20%,-23.30%,$6.88 ,-1.10%,"$102,718,276 ",Warrants Trading,$1.34 ,11/6/2020,$236.20 ,"TMT (Tech, Media, Telecom)","Dixon Doll Jr. (CEO/Chairman, DBM Cloud ...",B. Riley,Clos. PR Link,SEC Filings,1/25/2022,2/11/2022,1/27/2022,
PRDS,"Pardes Biosciences, Inc.",FSII FS Development Corp. II,,12/27/2021,-35.80%,-33.90%,$6.42 ,2.60%,"$400,473,154 ",,,2/16/2021,$201.30 ,Biotech and Life Science infrastructure,"Dr. Jim Tananbaum (Founder, Foresite Cap...",Jefferies,Clos. PR Link,SEC Filings,1/21/2022,2/2/2022,2/16/2022,
ADSE,ADS-TEC Energy GmbH,EUSG European Sustainable Growth Acquisition Corp.,,12/23/2021,-20.40%,-18.10%,$7.96 ,1.00%,"$388,510,868 ",Warrants Trading,$1.17 ,1/21/2021,$143.80 ,"Europe, Sustainability, Fintech, Edtech","Lars Thunell (Fmr CEO, IFC)","EarlyBirdCapital, ABN AMRO",Clos. PR Link,SEC Filings,1/21/2022,2/3/2022,1/23/2022,
FATH,Fathom Digital Manufacturing Corp.,ATMR Altimar Acquisition Corp. II,,12/23/2021,-11.10%,-10.20%,$8.89 ,-0.10%,"$451,484,482 ",Warrants Trading,$1.02 ,2/4/2021,$345.00 ,,"Tom Wasserman (Managing Director, HPS In...","Goldman Sachs, JP Morgan",Clos. PR Link,SEC Filings,1/14/2022,1/31/2022,2/4/2022,
ADTH,"AdTheorent Holding Company, Inc.",MACQ MCAP Acquisition Corp,,12/22/2021,-3.90%,-3.80%,$9.61 ,-1.80%,$0 ,Warrants Trading,$1.25 ,2/25/2021,$316.30 ,"Tech, Software",Monroe Capital,Cowen,Clos. PR Link,SEC Filings,1/18/2022,2/1/2022,2/25/2022,
HYPR,Hyperfine Inc.,HCAQ HealthCor Catalio Acquisition Corp.?,Hyperfine and Liminal Sciences,12/22/2021,-69.00%,-61.90%,$3.10 ,-1.60%,"$66,073,400 ",,,1/26/2021,$207.00 ,Healthcare,,Jefferies,Clos. PR Link,SEC Filings,1/24/2022,2/2/2022,1/26/2022,
ZGN,Ermenegildo Zegna N.V.,IIAC Investindustrial Acquisition Corp.,,12/17/2021,-1.10%,-0.80%,$9.89 ,1.90%,"$2,396,778,788 ",Warrants Trading,$1.70 ,11/18/2020,$402.50 ,,,"Deutsche Bank, Goldman Sachs",Clos. PR Link,SEC Filings,1/19/2022,1/31/2022,1/17/2022,
EQRX,"EQRx, Inc.",CMLT CM Life Sciences III Inc.,,12/17/2021,-64.90%,,$3.51 ,5.70%,"$1,711,590,479 ",Warrants Trading,$0.67 ,4/7/2021,$552.00 ,"Life Sciences, Healthcare",Keith Meister (Founder of Corvex Managem...,"Jefferies, Cowen",Clos. PR Link,SEC Filings,12/21/2021,12/27/2021,4/7/2022,
EVTL,Vertical Aerospace Ltd.,BSN Broadstone Acquisition Corp.,,12/16/2021,-31.30%,-21.00%,$6.87 ,1.90%,"$1,436,760,074 ",Warrants Trading,$0.71 ,9/11/2020,$305.30 ,"Stressed, Europe, UK",,Citigroup,Clos. PR Link,SEC Filings,1/18/2022,1/28/2022,1/16/2022,
BOWL,Bowlero Corp.,ISOS Isos Acquisition Corp,,12/15/2021,0.80%,0.80%,$10.08 ,0.80%,"$1,079,228,324 ",Warrants Trading,$2.02 ,3/2/2021,$254.80 ,"Digital Media, Entertainment","George Barrios (Co-Pres/Director, World ...","JP Morgan, LionTree",Clos. PR Link,SEC Filings,1/14/2022,2/1/2022,3/2/2022,
SSU,SIGNA Sports United,YAC Yucaipa Acquisition Corp,,12/14/2021,-17.00%,-10.70%,$8.30 ,-3.20%,"$2,776,128,979 ",Warrants Trading,$0.48 ,8/4/2020,$345.00 ,,Ronald Burkle (Co-owner Pittsburgh Pengu...,Citigroup,Clos. PR Link,SEC Filings,12/23/2021,1/3/2022,1/14/2022,
AMPS,"Altus Power, Inc.","CBAH CBRE Acquisition Holdings, Inc.",,12/9/2021,-18.80%,-15.10%,$8.12 ,0.50%,"$1,247,628,500 ",Warrants Trading,$1.72 ,12/10/2020,$402.50 ,,"Robert Sulentic (CEO, CBRE Group), Jamie...",Morgan Stanley,Clos. PR Link,SEC Filings,1/10/2022,1/24/2022,1/9/2022,
BOXD,"Boxed, Inc.",SVOK Seven Oaks Acquisition Corp.,,12/8/2021,0.80%,0.70%,$10.08 ,0.80%,"$691,365,699 ",Warrants Trading,$0.91 ,12/17/2020,$258.80 ,Positive Social Impact with Emphasis on ...,,JonesTrading,Clos. PR Link,SEC Filings,12/22/2021,1/3/2022,1/8/2022,
CVT,Cvent Holding Corp.,DGNS Dragoneer Growth Opportunities Corp. II,,12/8/2021,-20.50%,-15.70%,$7.95 ,9.10%,"$3,824,917,475 ",,,11/16/2020,$276.00 ,"Software, Internet, Media, Consumer / Re...","Marc Stad (Founder/Managing Partner, Dra...","Citigroup, Credit Suisse, Morgan Stanley",Clos. PR Link,SEC Filings,12/21/2021,1/4/2022,1/8/2022,
SLDP,"Solid Power, Inc.",DCRC Decarbonization Plus Acquisition Corp III,,12/8/2021,-20.00%,,$8.00 ,0.30%,"$1,340,463,904 ",Warrants Trading,$1.90 ,3/23/2021,$350.00 ,"Global decarbonization (incl. energy, ag...","Erik Anderson (Founder, WestRiver Group;...","Credit Suisse, Citigroup",Clos. PR Link,SEC Filings,12/17/2021,12/29/2021,3/23/2022,
BBAI,"BigBear.ai Holdings, Inc.","GIG GigCapital4, Inc.",,12/7/2021,-14.60%,-13.50%,$8.54 ,7.70%,"$1,157,735,579 ",Warrants Trading,$1.07 ,2/8/2021,$358.80 ,"TMT (Tech, Media, Telecom), Sustainabili...",Avi Katz (Fmr CEO of Gig Optix),"Nomura, Oppenheimer",Clos. PR Link,SEC Filings,12/23/2021,,2/8/2022,
PL,Planet Labs PBC,"DMYQ dMY Technology Group, Inc. IV",,12/7/2021,-49.40%,-48.70%,$5.06 ,7.90%,"$1,222,206,457 ",Warrants Trading,$1.30 ,3/4/2021,$345.00 ,"Mobile Apps, Consumer Internet, Tech","Harry You (Fmr CFO, Oracle; Founder, GTY...",Goldman Sachs & Co. LLC,Clos. PR Link,SEC Filings,12/28/2021,1/7/2022,3/4/2022,
VCSA,"Vacasa, Inc.",TPGS TPG Pace Solutions Corp.,,12/6/2021,-37.60%,,$6.24 ,8.70%,"$1,314,468,861 ",,,4/8/2021,$285.00 ,,Karl Peterson (Senior Partner of TPG and...,"Deutsche Bank Securities, J.P. Morgan Se...",Clos. PR Link,SEC Filings,12/28/2021,1/3/2022,4/8/2022,
PEAR,"Pear Therapeutics, Inc.",THMA Thimble Point Acquisition Corp.,,12/3/2021,-59.10%,-53.80%,$4.09 ,10.80%,"$112,884,000 ",Warrants Trading,$0.54 ,2/1/2021,$276.00 ,"Software, Tech","Elon Bons (Co-founder, LaunchCapital), M...","Citigroup, Credit Suisse",Clos. PR Link,SEC Filings,12/23/2021,1/3/2022,2/1/2022,
PIII,P3 Health Partners,FORE Foresight Acquisition Corp.,,12/3/2021,-35.00%,-32.50%,$6.50 ,-6.10%,"$270,262,785 ",Warrants Trading,$1.24 ,2/9/2021,$316.30 ,"Consumer Tech, Healthcare Tech","Greg Wasson (Fmr CEO, Walgreens)","Cowen, William Blair",Clos. PR Link,SEC Filings,12/28/2021,1/7/2022,2/9/2022,
BZFD,"BuzzFeed, Inc.","ENFA 890 5th Avenue Partners, Inc.",,12/3/2021,-57.50%,-49.70%,$4.25 ,1.20%,"$125,491,875 ",Warrants Trading,$0.70 ,1/11/2021,$287.50 ,"Tech, Media, Telecom (TMT)","Adam Rothstein (GP, Distruptive Technolo...","Cowen, Craig-Hallum Capital",Clos. PR Link,SEC Filings,1/11/2022,1/25/2022,1/11/2022,
HGTY,"Hagerty, Inc.",ADF Aldel Financial Inc.,,12/2/2021,45.70%,,$14.57 ,0.10%,"$175,896,325 ",Warrants Trading,$4.72 ,4/8/2021,$116.20 ,"Restructuring, Transient Current Ownersh...","Robert Kauffman (Co-founder,Fortress Inv...",UBS Investment Bank,Clos. PR Link,SEC Filings,12/21/2021,1/3/2022,4/8/2022,
GRAB,Grab Holdings Limited,AGC Altimeter Growth Corp,,12/1/2021,-68.60%,-47.70%,$3.14 ,-3.10%,"$11,361,172,404 ",Warrants Trading,$0.82 ,9/30/2020,$500.00 ,Tech,"Brad Gerstner (Founder, Altimeter: inves...","Citigroup, Goldman Sachs, Morgan Stanley",Clos. PR Link,SEC Filings,12/30/2021,1/18/2022,1/1/2022,
CTV,Innovid,IACB ION Acquisition Corp 2 Ltd.,,11/30/2021,-33.20%,-30.90%,$6.68 ,1.20%,"$794,530,008 ",Warrants Trading,$0.92 ,2/10/2021,$253.00 ,"Israel, Tech","Jonathan Kolber (Fmr CEO, Koor Industrie...","Goldman Sachs, Morgan Stanley",Clos. PR Link,SEC Filings,12/21/2021,1/3/2022,2/10/2022,
CDRO,"Codere Online Luxembourg, S.A.",DDMX DD3 Acquisition Corp. II,,11/30/2021,-48.90%,-39.20%,$5.11 ,7.20%,"$230,413,950 ",,,12/8/2020,$125.00 ,"Mexico, Hispanic companies in US","Dr. Martin Werner (Chairman, DD3 Acq I; ...",EarlyBirdCapital,Clos. PR Link,SEC Filings,2/24/2022,,12/30/2021,
GNRS,The Greenrose Holding Company Inc.,GNRS Greenrose Acquisition Corp,"Theraplant, LLC",11/29/2021,-58.00%,-28.00%,$4.20 ,,"$65,729,223 ",Warrants Trading,$0.30 ,2/11/2020,$172.50 ,Cannabis,,"Imperial Capital, I-Bankers",Clos. PR Link,SEC Filings,1/4/2022,2/10/2022,12/29/2021,
LOCL,Local Bounti Corporation,LIII Leo Holdings III Corp,,11/19/2021,-38.00%,-36.90%,$6.20 ,3.70%,"$535,338,262 ",Warrants Trading,$1.00 ,2/26/2021,$275.00 ,Consumer,"Lyndon Lea (Founder/MP, Lion Capital), E...",Deutsche Bank Securities,Clos. PR Link,SEC Filings,12/10/2021,12/27/2021,2/26/2022,
WEJO,Wejo,VOSO Virtuoso Acquisition Corp.,,11/18/2021,-61.80%,-54.80%,$3.82 ,2.10%,"$358,889,783 ",Warrants Trading,$0.47 ,1/21/2021,$230.00 ,"Media: Digital Marketing, Digital Platfo...","Jeff Warshaw (Founder, Connoisseur Commu...","BTIG, Moelis & Company",Clos. PR Link,SEC Filings,12/17/2021,1/12/2022,1/21/2022,
TOI,The Oncology Institute,DFPH DFP Healthcare Acquisitions Corp,,11/15/2021,-44.40%,-22.30%,$5.56 ,6.70%,"$127,880,000 ",Warrants Trading,$0.97 ,3/11/2020,$230.00 ,Healthcare,Deerfield,"Deutsche Bank, Jefferies",Clos. PR Link,SEC Filings,12/17/2021,2/14/2022,12/15/2021,
EMBK,"Embark Technology, Inc.",EMBK Northern Genesis Acquisition Corp. II,,11/10/2021,-55.80%,-48.40%,$4.42 ,10.00%,"$1,602,119,128 ",Warrants Trading,$0.70 ,1/12/2021,$414.00 ,"Sustainability, Societal Infrastructure","Michael Hoffman (Founder, Stone Capital ...","JP Morgan, Barclays, CIBC Capital Market...",Clos. PR Link,SEC Filings,11/24/2021,12/14/2021,1/12/2022,
DCGO,"DocGo, Inc.",MOTN Motion Acquisition Corp,"Ambulnz, Inc.",11/5/2021,-32.80%,-23.50%,$6.72 ,1.20%,"$672,466,623 ",Warrants Trading,$1.97 ,10/15/2020,$115.00 ,Telematics (including transportation sof...,"James Travers (Fmr Chairman, Fleetmatics...",Barclays,Clos. PR Link,SEC Filings,11/24/2021,1/4/2022,12/5/2021,
KIND,"Nextdoor Holdings, Inc.",KVSB Khosla Ventures Acquisition Co. II,,11/5/2021,-42.40%,,$5.76 ,6.10%,"$454,773,099 ",,,3/24/2021,$416.30 ,Tech (highly differentiated proprietary ...,"Vinod Khosla (Founder, Khosla Ventures)","Citigroup, Goldman Sachs & Co. LLC",Clos. PR Link,SEC Filings,11/22/2021,12/2/2021,,
BRDS,Bird Global,SWBK Switchback II Corporation,,11/4/2021,-61.70%,-52.90%,$3.83 ,3.50%,"$918,492,453 ",Warrants Trading,$0.55 ,1/7/2021,$316.30 ,"Energy Transition, Sustainability","Scott McNeil (CEO, Switchback I), Ray Ku...",Goldman Sachs,Clos. PR Link,SEC Filings,11/17/2021,11/29/2021,1/7/2022,
AUR,"Aurora Innovation, Inc.",RTPY Reinvent Technology Partners Y,,11/3/2021,-53.30%,,$4.67 ,1.50%,"$3,002,200,789 ",Warrants Trading,$0.98 ,3/15/2021,$977.50 ,Tech,"Reid Hoffman (Co-founder and Former CEO,...",Morgan Stanley,Clos. PR Link,SEC Filings,11/5/2021,11/15/2021,3/15/2022,
LTRY,Lottery.com Inc.,TDAC Trident Acquisitions Corp,,10/29/2021,-64.00%,-16.90%,$3.60 ,4.70%,"$181,369,728 ",,,5/29/2018,$201.30 ,"Oil and Gas, Natural Resources, Europe",,"Chardan, I-Bankers",Clos. PR Link,SEC Filings,11/18/2021,11/26/2021,11/29/2021,
NN,NextNav Inc.,TMTS Spartacus Acquisition Corporation,,10/28/2021,-37.30%,-26.70%,$6.27 ,3.60%,"$598,630,344 ",Warrants Trading,$1.40 ,10/15/2020,$203.00 ,"TMT (Telecom, Media, Tech)",,B. Riley,Clos. PR Link,SEC Filings,11/2/2021,11/23/2021,11/28/2021,
BTTX,"Better Therapeutics, Inc.",MCAD Mountain Crest Acquisition Corp. II,,10/28/2021,-70.90%,-60.70%,$2.91 ,16.40%,"$68,675,179 ",,,1/7/2021,$57.50 ,,"Dr. Suying Liu (Chairman/CEO, MCAC)",Chardan,Clos. PR Link,SEC Filings,11/29/2021,12/9/2021,1/7/2022,
RDBX,Redbox Entertainment Inc.,SGAM Seaport Global Acquisition Corp.,,10/22/2021,-81.20%,-63.90%,$1.88 ,-7.80%,"$23,722,810 ",Warrants Trading,$0.23 ,11/30/2020,$145.20 ,,,B. Riley Securities,Clos. PR Link,SEC Filings,12/1/2021,12/10/2021,11/30/2021,
SABS,SAB Biotherapeutics,BCYP Big Cypress Acquisition Corp.,,10/22/2021,-77.10%,-66.70%,$2.29 ,-0.20%,"$99,339,870 ",Warrants Trading,$0.25 ,1/11/2021,$116.20 ,"Life Sciences, Healthcare",,Ladenburg Thalmann,Clos. PR Link,SEC Filings,12/3/2021,12/16/2021,1/11/2022,
BBLN,"Babylon Holdings, Ltd.",KURI Alkuri Global Acquisition Corp.,,10/21/2021,-47.90%,-44.00%,$5.21 ,-0.60%,"$1,720,639,929 ",Warrants Trading,$0.62 ,2/5/2021,$345.00 ,"Consumer Internet and Marketplaces, Heal...","Rich Williams (Fmr CEO, Groupon), Sultan...",Jefferies,Clos. PR Link,SEC Filings,11/9/2021,12/1/2021,2/5/2022,
MIR,"Mirion Technologies, Inc.",GSAH GS Acquisition Holdings II,,10/20/2021,-14.20%,-8.40%,$8.58 ,6.10%,"$1,711,909,845 ",Warrants Trading,$1.86 ,6/30/2020,$750.00 ,,"Goldman Sachs, Steven Reinemund (Former ...","Goldman Sachs, Citigroup",Clos. PR Link,SEC Filings,10/27/2021,11/5/2021,11/20/2021,
WE,WeWork,BOWX BowX Acquisition Corp.,,10/20/2021,-48.00%,-30.20%,$5.20 ,4.80%,"$3,621,762,565 ",Warrants Trading,$0.96 ,8/5/2020,$483.00 ,"TMT (Tech, Media, Telecom)",Vivek Ranadive (Founder of TIBCO Softwar...,UBS,Clos. PR Link,SEC Filings,11/10/2021,12/29/2021,11/20/2021,
NVTS,Navitas Semiconductor,LOKB Live Oak Acquisition Corp. II,,10/19/2021,-15.20%,-12.00%,$8.48 ,2.80%,"$998,380,139 ",Warrants Trading,$2.15 ,12/2/2020,$253.00 ,,,"Jefferies, BofA Securities",Clos. PR Link,SEC Filings,11/24/2021,12/7/2021,12/2/2021,3/7/2021
ASTL,Algoma Steel Group Inc.,LEGO Legato Merger Corp.,,10/19/2021,3.90%,3.40%,$10.39 ,4.50%,"$1,537,281,438 ",,,1/19/2021,$235.80 ,"Renewables, Infrastructure, Energy, Cons...","Eric Rosenfeld (Fmr CEO, Allegro Merger ...",EarlyBirdCapital,Clos. PR Link,SEC Filings,10/27/2021,11/8/2021,1/19/2022,
SEAT,"Vivid Seats, Inc.",HZAC Horizon Acquisition Corp,,10/18/2021,15.90%,10.30%,$11.59 ,5.20%,"$891,832,338 ",Warrants Trading,$3.48 ,8/20/2020,$544.00 ,"Financial Services, Fintech, Insurance T...","Todd Boehly (Founder/CEO, Elridge), Haro...","Credit Suisse, RBC Capital Markets",Clos. PR Link,SEC Filings,11/5/2021,1/3/2022,11/18/2021,
BKKT,"Bakkt Holdings, Inc.",VIH VPC Impact Acquisition Holdings,,10/15/2021,-43.80%,-30.00%,$5.62 ,20.10%,"$321,263,270 ",Warrants Trading,$1.70 ,9/22/2020,$207.40 ,Fintech,,Jefferies,Clos. PR Link,SEC Filings,11/12/2021,12/16/2021,11/15/2021,
ENJY,"Enjoy Technology, Inc.",MRAC Marquee Raine Acquisition Corp.,,10/15/2021,-64.20%,-52.10%,$3.58 ,12.20%,"$428,246,280 ",Warrants Trading,$0.20 ,12/14/2020,$373.80 ,TMT,"Crane Kenney (President of Business Ops,...",Credit Suisse,Clos. PR Link,SEC Filings,10/28/2021,11/12/2021,12/14/2021,
GWH,"ESS Tech, Inc.",STWO ACON S2 Acquisition Corp.,,10/8/2021,-50.90%,-34.50%,$4.91 ,-1.40%,"$749,053,564 ",Warrants Trading,$0.75 ,9/17/2020,$250.00 ,Sustainability,"Adam Kriger (Exec Partner, ACON Investme...","Deutsche Bank, Cowen, Stifel",Clos. PR Link,SEC Filings,11/3/2021,11/12/2021,11/8/2021,
ARBE,Arbe Robotics Ltd.,"ITAC Industrial Tech Acquisitions, Inc.",,10/7/2021,-33.20%,-22.20%,$6.68 ,2.10%,"$415,064,826 ",Warrants Trading,$0.91 ,9/8/2020,$77.00 ,"Industrial Tech, Energy Tech, Software, ...",,Maxim,Clos. PR Link,SEC Filings,9/24/2021,11/3/2021,11/7/2021,
SNCE,"Science 37 Holdings, Inc.",LSAQ LifeSci Acquisition II Corp,,10/6/2021,-44.90%,-34.60%,$5.51 ,0.20%,"$632,036,397 ",,,11/20/2020,$80.10 ,Healthcare,,LifeSci Capital,Clos. PR Link,SEC Filings,11/5/2021,1/26/2022,,
WBX,Wallbox N.V.,KCAC Kensington Capital Acquisition Corp. II,"Wall Box Chargers, S.L.",10/1/2021,26.60%,25.80%,$12.66 ,2.00%,"$1,743,785,298 ",Warrants Trading,$3.44 ,2/25/2021,$230.00 ,"Automotive, North America","Justin Mirro (Director, QuantumScape), T...","UBS, Stifel",Clos. PR Link,SEC Filings,11/1/2021,11/15/2021,2/25/2022,
ROIV,Roivant Sciences,MAAC Montes Archimedes Acquisition Corp.,,9/30/2021,-45.80%,-32.20%,$5.42 ,3.80%,"$3,751,031,237 ",Warrants Trading,$0.96 ,10/6/2020,$410.70 ,Healthcare,,"Citigroup, Jefferies",Clos. PR Link,SEC Filings,10/29/2021,11/10/2021,10/30/2021,
IONQ,"IonQ, Inc.","DMYI dMY Technology Group, Inc. III",,9/30/2021,25.00%,18.90%,$12.50 ,6.20%,"$2,406,088,800 ",Warrants Trading,$3.97 ,11/12/2020,$300.00 ,"Mobile Apps, Consumer Internet, Tech","Niccolo de Masi (CEO of DMYT, DMYD), Har...",Goldman Sachs,Clos. PR Link,SEC Filings,10/4/2021,10/25/2021,11/12/2021,
KORE,KORE Group Holdings,CTAC Cerberus Telecom Acquisition Corp,,9/30/2021,-50.00%,-36.20%,$5.00 ,0.20%,"$359,947,160 ",Warrants Trading,$0.75 ,10/21/2020,$259.20 ,Information and Communications Technolog...,"Timothy Donahue (Fmr CEO, Nextel; Fmr Ex...","Morgan Stanley, Deutsche Bank",Clos. PR Link,SEC Filings,10/15/2021,11/3/2021,10/30/2021,
PROC,Procaps Group,LATN Union Acquisition Corp II,,9/29/2021,-5.90%,-2.50%,$9.41 ,2.30%,"$1,061,675,562 ",Warrants Trading,$0.63 ,10/18/2019,$200.00 ,Latin America,,Cantor,Clos. PR Link,SEC Filings,11/24/2021,12/7/2021,10/29/2021,
BHIL,"Benson Hill Holdings, Inc.",STPC Star Peak Corp II,,9/29/2021,-65.90%,-56.20%,$3.41 ,-6.30%,"$607,180,293 ",Warrants Trading,$0.52 ,1/5/2021,$402.50 ,Sustainability (including clean energy a...,"Michael C. Morgan (Lead Director, Kinder...","Credit Suisse, Goldman Sachs",,SEC Filings,9/21/2021,10/5/2021,1/5/2022,
VLN,Valens Semiconductor Ltd.,PTK PTK Acquisition,,9/29/2021,-43.30%,-26.20%,$5.67 ,-1.20%,"$556,389,474 ",Warrants Trading,$0.43 ,7/13/2020,$115.00 ,Tech,,Chardan,Clos. PR Link,SEC Filings,10/20/2021,10/28/2021,10/29/2021,
VLD,"Velo3D, Inc.",SPFR Jaws Spitfire Acquisition Corporation,,9/29/2021,-26.10%,-20.70%,$7.39 ,2.10%,"$1,353,580,674 ",Warrants Trading,$1.67 ,12/3/2020,$345.00 ,"Consumer Tech, Other Tech",Barry Sternlicht (Chairman and CEO of St...,Credit Suisse,Clos. PR Link,SEC Filings,10/21/2021,10/29/2021,12/3/2021,
SHPW,"Shapeways Holdings, Inc.",GLEO Galileo Acquisition Corp,,9/29/2021,-73.00%,-30.50%,$2.70 ,6.70%,"$130,400,507 ",Warrants Trading,$0.27 ,10/18/2019,$138.00 ,"Italy, Italian family-owned businesses",,"EarlyBirdCapital, I-Bankers",Clos. PR Link,SEC Filings,10/20/2021,10/28/2021,10/29/2021,
LMDX,LumiraDx,CAHC CA Healthcare Acquisition Corp.,,9/28/2021,-38.40%,-34.40%,$6.16 ,-0.60%,"$277,375,850 ",Warrants Trading,$0.95 ,1/26/2021,$115.00 ,"Healthcare Services, IT, care management...",,BTIG,Clos. PR Link,SEC Filings,,,1/26/2022,
STRC,Sarcos Technology and Robotics Corporation,ROT Rotor Acquisition Corp.,Sarcos Robotics,9/24/2021,-46.10%,-40.20%,$5.39 ,0.40%,"$769,954,924 ",Warrants Trading,$0.87 ,1/14/2021,$276.00 ,,Brian Finn (Fmr Head of Alternative Inve...,Credit Suisse,Clos. PR Link,SEC Filings,10/15/2021,10/22/2021,1/14/2022,
JSPR,"Jasper Therapeutics, Inc.",AMHC Amplitude Healthcare Acquisition Corp,,9/24/2021,-66.10%,-28.70%,$3.39 ,9.00%,"$123,928,955 ",Warrants Trading,$0.22 ,11/19/2019,$100.00 ,Healthcare,,"BMO, SVB Leerink",Clos. PR Link,SEC Filings,10/15/2021,10/27/2021,10/24/2021,
ML,MoneyLion Inc.,ML Fusion Acquisition,,9/22/2021,-75.40%,-44.30%,$2.46 ,13.40%,"$556,397,162 ",Warrants Trading,$0.38 ,6/26/2020,$350.00 ,"Fintech, Asset Management, Wealth Manage...",,"Cantor, Odeon Capital Group",Clos. PR Link,SEC Filings,10/14/2021,10/25/2021,10/22/2021,
NRDY,Nerdy,PACE TPG Pace Tech Opportunities Corp.,,9/20/2021,-57.60%,-40.50%,$4.24 ,4.20%,"$355,790,268 ",Warrants Trading,$0.86 ,10/6/2020,$450.00 ,Tech,"TPG, Karl Peterson (Senior Partner of TP...","Deutsche Bank, JP Morgan, Barclays, TPG ...",Clos. PR Link,SEC Filings,10/15/2021,10/25/2021,10/20/2021,
RBOT,Vicarious Surgical Inc.,DEH D8 Holdings Corp,,9/20/2021,-45.30%,-27.50%,$5.47 ,5.20%,"$540,613,512 ",Warrants Trading,$0.83 ,7/15/2020,$345.00 ,Consumer,Terry Lundgren (Former CEO of Macy’s and...,UBS,Clos. PR Link,SEC Filings,10/15/2021,10/25/2021,10/20/2021,
DNA,"Ginkgo Bioworks Holdings, Inc.",SRNG Soaring Eagle Acquisition Corp.,,9/16/2021,-65.30%,-62.90%,$3.47 ,-0.30%,"$4,548,417,562 ",Warrants Trading,$0.80 ,2/23/2021,"$1,725.00 ",,Harry Sloan (Former CEO of MGM),Goldman Sachs,Clos. PR Link,SEC Filings,8/11/2021,9/17/2021,2/23/2022,
ACHR,Archer Aviation Inc.,ACIC Atlas Crest Investment Corp.,,9/16/2021,-65.60%,-48.10%,$3.44 ,4.90%,"$541,002,044 ",Warrants Trading,$0.50 ,10/27/2020,$500.00 ,,"Ken Moelis (Chairman/CEO, Moelis & Co)",Cantor,Clos. PR Link,SEC Filings,10/7/2021,10/27/2021,10/27/2021,
LFG,Archaea Energy Inc.,RICE Rice Acquisition Corp.,Aria Energy LLC and Archaea Energy LLC,9/15/2021,85.40%,61.80%,$18.54 ,6.60%,"$993,576,695 ",,,10/21/2020,$237.30 ,"Energy transition, Sustainability","Daniel Rice, IV (Fmr CEO, Rice Energy), ...",Barclays,Clos. PR Link,SEC Filings,10/6/2021,10/22/2021,10/21/2021,12/6/2021
LILM,Lilium GmbH,LILM Qell Acquisition Corp.,,9/14/2021,-57.10%,-39.70%,$4.29 ,8.60%,"$1,114,100,104 ",Warrants Trading,$0.57 ,9/30/2020,$379.50 ,"Next-generation Mobility, Transportation...","Barry Engle (Fmr President, GM North Ame...","JP Morgan, Barclays",Clos. PR Link,SEC Filings,9/29/2021,10/28/2021,10/14/2021,
TMC,the metals company Inc.,SOAC Sustainable Opportunities Acquisition Corp,"DeepGreen Metals, Inc.",9/9/2021,-79.60%,-43.20%,$2.04 ,-7.30%,"$459,528,925 ",Warrants Trading,$0.46 ,5/6/2020,$300.00 ,Sustainability,,Citigroup,Clos. PR Link,SEC Filings,10/7/2021,10/25/2021,10/9/2021,
BKSY,BlackSky Technology Inc.,SFTW Osprey Technology Acquisition Corp,,9/9/2021,-80.60%,-34.20%,$1.94 ,-5.80%,"$225,265,952 ",Warrants Trading,$0.26 ,11/1/2019,$316.30 ,Enterprise Software,,"Credit Suisse, I-Bankers",Clos. PR Link,SEC Filings,10/25/2021,12/17/2021,10/9/2021,
CRXT,"Clarus Therapeutics Holdings, Inc.",BLUW Blue Water Acquisition Corp.,,9/9/2021,-93.40%,-75.90%,$0.66 ,-10.40%,"$14,339,039 ",Warrants Trading,$0.12 ,12/15/2020,$58.70 ,Healthcare,,Maxim,Clos. PR Link,SEC Filings,9/30/2021,10/8/2021,12/15/2021,
ARQQ,Arqit Quantum Inc.,CENH Centricus Acquisition Corp.,Arqit Limited,9/3/2021,45.50%,41.60%,$14.55 ,-0.50%,"$1,747,068,407 ",Warrants Trading,$3.85 ,2/3/2021,$345.00 ,,Manfredi Lefebvre d’Ovidio (Fmr Exec Cha...,"Deutsche Bank, Barclays",Clos. PR Link,SEC Filings,10/1/2021,10/13/2021,2/3/2022,
RDW,Redwire Corporation,GNPK Genesis Park Acquisition Corp.,,9/2/2021,-37.80%,-29.30%,$6.22 ,8.20%,"$371,093,118 ",Warrants Trading,$1.65 ,11/23/2020,$166.20 ,Aviation and aviation services,"Richard Anderson (Fmr CEO, Delta; Fmr CE...",Jefferies,Clos. PR Link,SEC Filings,9/24/2021,10/5/2021,11/23/2021,
RCOR,"Renovacor, Inc.",CHAQ Chardan Healthcare Acquisition 2 Corp,,9/2/2021,-42.80%,-22.80%,$5.72 ,11.90%,"$98,704,560 ",Warrants Trading,$0.41 ,4/24/2020,$85.00 ,Healthcare,Chardan,Chardan,Clos. PR Link,SEC Filings,10/15/2021,11/2/2021,10/2/2021,
OPAD,Offerpad Solutions Inc.,SPNV Supernova Partners Acquisition Company,"Offerpad, Inc.",9/1/2021,-58.80%,-42.50%,$4.12 ,1.70%,"$924,105,885 ",Warrants Trading,$0.61 ,10/20/2020,$402.50 ,Growth company that Benefits from Tech-e...,Spencer Rascoff (Co-founder and Fmr CEO ...,"JP Morgan, Jefferies",Clos. PR Link,SEC Filings,9/24/2021,10/4/2021,10/20/2021,
SLGC,"SomaLogic, Inc.",CMII CM Life Sciences II Inc.,,9/1/2021,-15.30%,-14.70%,$8.47 ,3.40%,"$1,534,533,269 ",Warrants Trading,$2.09 ,2/22/2021,$276.00 ,"Life Sciences, Healthcare","Keith Meister (Founder, Corvex Managemen...",Jefferies,Clos. PR Link,SEC Filings,10/1/2021,10/14/2021,2/22/2022,
CLBT,Cellebrite DI Ltd.,TWCT TWC Tech Holdings II Corp,,8/30/2021,-35.40%,-23.80%,$6.46 ,-0.30%,"$1,137,016,247 ",Warrants Trading,$1.03 ,9/11/2020,$600.00 ,Tech,"True Wind Capital, Scott Wagner (Former ...","Citigroup, Deutsche Bank Securities",Clos. PR Link,SEC Filings,9/27/2021,10/7/2021,9/30/2021,
CIFR,"Cipher Mining, Inc.",GWAC Good Works Acquisition Corp.,,8/27/2021,-68.00%,-49.10%,$3.20 ,8.10%,"$800,557,610 ",Warrants Trading,$0.56 ,10/20/2020,$170.00 ,Financially Distressed,"Fred Zeidman (Chairman, Gordian Group), ...",I-Bankers,Clos. PR Link,SEC Filings,9/24/2021,10/12/2021,10/20/2021,
CZOO,Cazoo Group Ltd.,AJAX Ajax I,,8/27/2021,-73.10%,-53.60%,$2.69 ,8.50%,"$318,839,739 ",Warrants Trading,$0.33 ,10/27/2020,$805.00 ,"Software, Fintech, Consumer","Dan Och (Fmr CEO, Och-Ziff Capital Manag...","Goldman Sachs, Citigroup, JP Morgan",Clos. PR Link,SEC Filings,9/24/2021,10/6/2021,10/27/2021,
VLTA,"Volta, Inc.",SNPR Tortoise Acquisition Corp. II,"Volta Industries, Inc.",8/26/2021,-53.60%,-36.00%,$4.64 ,12.10%,"$706,706,429 ",Warrants Trading,$1.83 ,9/11/2020,$345.00 ,"Energy transition, Sustainability (Decar...",Vincent T. Cubbage (Tortoise Capital Adv...,"Barclays, Goldman Sachs",Clos. PR Link,SEC Filings,9/21/2021,9/30/2021,9/26/2021,
IRNT,"IronNet, Inc.",DFNS LGL Systems Acquisition Corp,,8/26/2021,-53.60%,-22.90%,$4.64 ,-2.50%,"$411,654,443 ",Warrants Trading,$1.60 ,11/7/2019,$172.50 ,"Aerospace, Defense, Communications",,"Jefferies, BTIG",Clos. PR Link,SEC Filings,9/23/2021,10/1/2021,9/26/2021,
GDEV,"Nexters, Inc.",KSMT Kismet Acquisition One Corp,,8/26/2021,,,,,,,,8/5/2020,$250.00 ,Russia,,"Credit Suisse, BofA Securities",Clos. PR Link,SEC Filings,9/22/2021,9/28/2021,9/26/2021,
HUMA,"Humacyte, Inc.",AHAC Alpha Healthcare Acquisition Corp.,,8/26/2021,-41.00%,-27.80%,$5.90 ,4.60%,$0 ,Warrants Trading,$1.65 ,9/17/2020,$100.00 ,Healthcare,"Rajiv Shukla (CEO, Constellation Alpha S...","Mizuho, Oppenheimer, Northland, I-Banker...",Clos. PR Link,SEC Filings,9/17/2021,10/26/2021,9/26/2021,
RKLB,"Rocket Lab USA, Inc.",VACQ Vector Acquisition Corp,,8/25/2021,-11.70%,-8.00%,$8.83 ,3.80%,"$3,966,476,229 ",,,9/24/2020,$320.00 ,,,"Deutsche Bank, BofA Securities",Clos. PR Link,SEC Filings,9/24/2021,10/8/2021,,1/31/2022
EFTR,"eFFECTOR Therapeutics, Inc.",LWAC Locust Walk Acquisition Corp.,,8/25/2021,-61.20%,-52.40%,$3.88 ,-3.00%,"$156,642,297 ",Warrants Trading,$0.39 ,1/7/2021,$175.00 ,"Life Sciences, Healthcare",,Cantor,,SEC Filings,9/23/2021,10/6/2021,1/7/2022,
SMRT,"SmartRent, Inc.",FWAA Fifth Wall Acquisition Corp.,,8/24/2021,-35.50%,-32.60%,$6.45 ,11.40%,"$1,250,423,490 ",,,2/4/2021,$345.00 ,Real Estate,"Brendan Wallace (Co-founder/MP, Fifth Wa...","Goldman Sachs, Deutsche Bank Securities",Clos. PR Link,SEC Filings,9/23/2021,9/30/2021,,
RNW,ReNew Energy Global plc,RMGB RMG Acquisition Corp. II,ReNew Power Private Ltd.,8/23/2021,-14.40%,-11.60%,$8.56 ,0.70%,"$2,417,647,692 ",Warrants Trading,$1.92 ,12/9/2020,$345.00 ,,"James Carpenter (CEO, Riverside Manageme...","BofA Securities, Barclays",Clos. PR Link,SEC Filings,9/22/2021,10/6/2021,12/9/2021,
AGIL,"AgileThought, Inc.",LIVK LIV Capital Acquisition,,8/23/2021,-49.70%,-22.10%,$5.03 ,0.60%,"$211,113,702 ",Warrants Trading,$0.44 ,12/10/2019,$80.50 ,Mexico,,EarlyBirdCapital,Clos. PR Link,SEC Filings,9/14/2021,9/28/2021,9/23/2021,
XOS,"Xos, Inc.",NGAC NextGen Acquisition Corporation,,8/20/2021,-73.60%,-51.80%,$2.64 ,3.10%,"$430,069,036 ",Warrants Trading,$0.34 ,10/6/2020,$375.00 ,"Industrial, Healthcare","George Mattson (Director, Delta Air Line...","Goldman Sachs, Credit Suisse",Clos. PR Link,SEC Filings,9/14/2021,9/24/2021,10/6/2021,
MIMO,Airspan Networks Inc.,NBA New Beginnings Acquisition Corp.,,8/16/2021,-62.20%,-45.80%,$3.78 ,-1.60%,"$272,252,372 ",Warrants Trading,$0.67 ,10/29/2020,$116.20 ,,"Russell W. Galbut (MP, Crescent Heights;...",Ladenburg Thalmann,Clos. PR Link,SEC Filings,9/10/2021,9/21/2021,10/29/2021,
SPIR,"Spire Global, Inc.","NSH NavSight Holdings, Inc.",,8/16/2021,-78.10%,-52.20%,$2.19 ,2.30%,"$293,089,060 ",Warrants Trading,$0.32 ,9/9/2020,$230.00 ,"Tech, US Government Vendors",,Credit Suisse,Clos. PR Link,SEC Filings,9/23/2021,10/1/2021,9/16/2021,
LIDR,"AEye, Inc.",CFAC CF Finance Acquisition Corp. III,,8/16/2021,-63.80%,-48.30%,$3.62 ,2.00%,"$105,885,000 ",Warrants Trading,$0.54 ,11/12/2020,$230.00 ,,"Howard Lutnick (CEO, Cantor)",Cantor,Clos. PR Link,SEC Filings,9/15/2021,9/28/2021,11/12/2021,
OTMO,"Otonomo Technologies, Ltd.",SAII Software Acquisition Group Inc. II,,8/13/2021,-85.90%,-58.00%,$1.41 ,-2.10%,"$177,144,132 ",Warrants Trading,$0.20 ,9/14/2020,$172.50 ,"Software, Tech",Jonathan Huberman (Software Acquisition ...,B. Riley FBR,Clos. PR Link,SEC Filings,8/29/2021,9/9/2021,9/14/2021,
HLBZ,"Helbiz, Inc.",GRNV GreenVision Acquisition Corp,,8/13/2021,-71.80%,-31.20%,$2.82 ,0.40%,"$86,052,602 ",Warrants Trading,$0.20 ,11/19/2019,$57.50 ,"Healthcare, China, Asia, Life Sciences",,I-Bankers,Clos. PR Link,SEC Filings,9/3/2021,9/29/2021,9/13/2021,
MNTS,Momentus Inc.,SRAC Stable Road Acquisition Corp,,8/12/2021,-76.80%,-32.90%,$2.32 ,8.90%,"$186,946,138 ",Warrants Trading,$0.29 ,11/8/2019,$172.50 ,Cannabis,,Cantor,Clos. PR Link,SEC Filings,9/3/2021,9/15/2021,9/12/2021,
RKLY,"Rockley Photonics Holdings, Ltd.",SCPE SC Health Corp,,8/11/2021,-52.70%,-19.80%,$4.73 ,6.80%,"$601,747,847 ",Warrants Trading,$0.98 ,7/11/2019,$172.50 ,"Healthcare, Asia",,"Credit Suisse, I-Bankers",Clos. PR Link,SEC Filings,9/9/2021,9/23/2021,9/11/2021,
SRZN,"Surrozen, Inc",CHFW Consonance-HFW Acquisition Corp.,,8/11/2021,-71.40%,-54.80%,$2.86 ,14.40%,"$100,178,384 ",Warrants Trading,$0.41 ,11/18/2020,$92.00 ,Life Sciences,,Citigroup,Clos. PR Link,SEC Filings,9/13/2021,11/10/2021,11/18/2021,
JOBY,"Joby Aviation, Inc.",RTP Reinvent Technology Partners,,8/10/2021,-51.00%,-34.50%,$4.90 ,0.40%,"$2,959,082,531 ",Warrants Trading,$1.00 ,9/16/2020,$690.00 ,"Consumer Internet, Mobile Gaming, Tech","Reid Hoffman (Co-founder and Former CEO,...",Morgan Stanley,Clos. PR Link,SEC Filings,8/17/2021,9/3/2021,9/16/2021,
LICY,Li-Cycle Holdings Corp.,PDAC Peridot Acquisition Corp.,,8/10/2021,-16.60%,-11.40%,$8.34 ,7.80%,"$1,408,558,254 ",,,9/23/2020,$300.00 ,"Environmental Sustainability, Industrial...",Alan Levande (Former Co-CEO of Covey Par...,"UBS, Barclays",Clos. PR Link,SEC Filings,9/30/2021,10/6/2021,9/23/2021,1/26/2022
TNGX,"Tango Therapeutics, Inc.",BCTG BCTG Acquisition Corp,,8/10/2021,-13.40%,-8.90%,$8.66 ,0.80%,"$758,152,084 ",,,9/3/2020,$166.80 ,Biotech,,SVB Leerink,Clos. PR Link,SEC Filings,9/10/2021,9/30/2021,,
AMBP,Ardagh Metal Packaging S.A.,"GRSV Gores Holdings V, Inc",Divison of Ardagh Group S.A.,8/4/2021,-23.10%,-14.50%,$7.69 ,5.30%,"$4,639,247,016 ",Warrants Trading,$1.53 ,8/5/2020,$525.00 ,,Alec Gores (Founder of The Gores Group),"Deutsche Bank, Morgan Stanley",Clos. PR Link,SEC Filings,8/12/2021,8/23/2021,9/4/2021,
HIPO,Hippo Holdings Inc.,RTPZ Reinvent Technology Partners Z,,8/2/2021,-80.60%,-61.80%,$1.94 ,11.50%,"$1,091,566,451 ",Warrants Trading,$0.29 ,11/18/2020,$230.00 ,"Consumer Internet, Mobile Gaming, Tech","Reid Hoffman (Co-founder and Former CEO,...",Citigroup,Clos. PR Link,SEC Filings,8/24/2021,9/2/2021,11/18/2021,
CCCS,CCC Intelligent Solutions Inc.,DGNR Dragoneer Growth Opportunities Corp.,CCC Information Services,8/2/2021,11.40%,7.30%,$11.14 ,2.70%,"$6,819,249,336 ",,,8/13/2020,$690.00 ,"Software, Internet, Media, Consumer / Re...","Marc Stad (Founder/Managing Partner, Dra...","Citigroup, JP Morgan, Goldman Sachs",Clos. PR Link,SEC Filings,8/27/2021,9/9/2021,,12/29/2021
ROVR,"Rover Group, Inc.",NEBC Nebula Caravel Acquisition Corp.,"A Place for Rover, Inc. (Rover)",7/30/2021,-48.80%,-39.10%,$5.12 ,5.60%,"$920,904,796 ",,,12/8/2020,$275.00 ,Tech,"Adam Clammer (Founding Partner, True Win...","Deutsche Bank Securities, William Blair,...",Clos. PR Link,SEC Filings,9/14/2021,9/24/2021,12/8/2021,1/12/2022
CYXT,"Cyxtera Technologies, Inc.",SVAC Starboard Value Acquisition Corp.,,7/29/2021,19.80%,13.30%,$11.98 ,3.60%,"$1,988,425,305 ",,,9/10/2020,$404.20 ,"Tech, Healthcare, Consumer, Industrials,...","Jeffrey Smith (CEO, Starboard), Pauline ...","UBS, Stifel, Cowen",Clos. PR Link,SEC Filings,8/20/2021,9/8/2021,9/10/2021,1/19/2022
RSVR,"Reservoir Media, Inc.",ROCC Roth CH Acquisition II Co,,7/28/2021,-24.70%,-19.90%,$7.53 ,1.20%,"$482,963,952 ",Warrants Trading,$1.48 ,12/10/2020,$115.00 ,"Business Services, Consumer, Healthcare,...","Byron Roth (CEO, Roth)","Roth Capital Partners, Craig-Hallum Capi...",Clos. PR Link,SEC Filings,7/1/2021,7/29/2021,12/10/2021,
DOMA,"Doma Holdings, Inc.",CAP Capitol Investment Corp. V,"States Title Holding, Inc.",7/28/2021,-74.10%,-58.50%,$2.59 ,0.40%,"$838,906,755 ",Warrants Trading,$0.51 ,12/2/2020,$345.00 ,,"Mark Ein and Dyson Dryden, Raul Fernande...","Citigroup, Deutsche Bank, Morgan Stanley",Clos. PR Link,SEC Filings,8/19/2021,9/9/2021,12/2/2021,
MVST,"Microvast Holdings, Inc.",THCB Tuscan Holdings Corp,,7/26/2021,-12.90%,-4.30%,$8.71 ,9.30%,"$2,617,496,424 ",Warrants Trading,$1.69 ,3/5/2019,$276.00 ,Cannabis,,"EarlyBirdCapital, I-Bankers",Clos. PR Link,SEC Filings,8/20/2021,,8/26/2021,
LCID,"Lucid Group, Inc.",CCIV Churchill Capital Corp IV,Lucid Motors,7/23/2021,152.60%,94.90%,$25.26 ,4.20%,"$41,761,272,047 ",,,7/30/2020,"$2,070.00 ",,Michael Klein (Former Co-CEO of Citigrou...,"Citigroup, Goldman Sachs, JP Morgan",Clos. PR Link,SEC Filings,8/2/2021,8/25/2021,,10/8/2021
MTTR,"Matterport, Inc.","GHVI Gores Holdings VI, Inc.",,7/22/2021,-27.10%,-21.80%,$7.29 ,4.30%,"$1,767,856,055 ",,,12/10/2020,$345.00 ,,Alec Gores (Founder of The Gores Group),"Deutsche Bank, Morgan Stanley",Clos. PR Link,SEC Filings,8/19/2021,8/27/2021,12/10/2021,1/14/2022
SMFR,Sema4 Holdings Corp,"CMLF CM Life Sciences, Inc.",,7/22/2021,-68.70%,-45.30%,$3.13 ,2.60%,"$755,148,063 ",Warrants Trading,$0.64 ,9/1/2020,$442.80 ,"Life Sciences, Healthcare","Keith Meister (Founder, Corvex Managemen...",Jefferies,Clos. PR Link,SEC Filings,8/4/2021,8/13/2021,9/1/2021,
MKTW,MarketWise Inc.,ACND Ascendant Digital Acquisition,Beacon Street Group,7/22/2021,-54.00%,-33.20%,$4.60 ,2.50%,"$115,701,357 ",Warrants Trading,$0.63 ,7/24/2020,$414.00 ,"Digital Media, Entertainment",,UBS,Clos. PR Link,SEC Filings,8/11/2021,8/23/2021,8/22/2021,
REE,REE Automotive Ltd.,VCVC 10X Capital Venture Acquisition Corp,,7/22/2021,-78.30%,-60.80%,$2.17 ,-1.80%,"$498,939,923 ",,,11/24/2020,$201.30 ,Tech,"Hans Thomas (CEO, 10X Capital), David We...",Cantor,Clos. PR Link,SEC Filings,8/20/2021,8/31/2021,11/24/2021,
BGRY,"Berkshire Grey, Inc.",RAAC Revolution Acceleration Acquisition Corp,,7/21/2021,-62.90%,-50.20%,$3.71 ,5.70%,"$830,797,270 ",Warrants Trading,$0.51 ,12/7/2020,$287.50 ,"Financial Services, Healthcare, Tech, Co...","Steve Case (Fmr CEO, AOL; CEO, Revolutio...",Credit Suisse,Clos. PR Link,SEC Filings,8/20/2021,9/3/2021,12/7/2021,
FFIE,Faraday Future Intelligent Electric Inc,PSAC Property Solutions Acquisition,Faraday Future,7/21/2021,-43.80%,-26.90%,$5.62 ,7.70%,"$1,822,906,055 ",Warrants Trading,$0.92 ,7/22/2020,$229.80 ,"PropTech, Real Estate",,EarlyBirdCapital,Clos. PR Link,SEC Filings,8/20/2021,,8/21/2021,
OPFI,"OppFi, Inc.",FGNA FG New America Acquisition Corp.,Opportunity Financial,7/20/2021,-67.90%,-47.10%,$3.21 ,-2.70%,"$43,221,180 ",Warrants Trading,$0.52 ,9/29/2020,$237.80 ,"FinTech, InsureTech, Financial Services,...","Joseph Moglia (Chairman and Former CEO, ...","Piper Sandler, Think Equity",Clos. PR Link,SEC Filings,8/11/2021,9/28/2021,9/29/2021,
SNAX,"Stryve Foods, Inc.",ANDA Andina Acquisition Corp III,,7/20/2021,-74.00%,-23.80%,$2.60 ,-0.40%,"$22,386,013 ",Warrants Trading,$0.24 ,1/28/2019,$108.00 ,Americas,"Julio Torres (Andina I, II)","Cowen, Craig-Hallum Capital Group",Clos. PR Link,SEC Filings,5/26/2021,7/21/2021,8/20/2021,
EVLV,Evolv Technologies Holdings Inc.,NHIC NewHold Investment Corp,,7/19/2021,-65.50%,-40.80%,$3.45 ,8.20%,"$497,342,437 ",Warrants Trading,$0.44 ,7/31/2020,$172.50 ,"Industrial Technology, $700M+",,"Stifel, I-Bankers",Clos. PR Link,SEC Filings,8/12/2021,9/7/2021,8/19/2021,
CELU,Celularity Inc.,GXGX GX Acquisition Corp,,7/16/2021,-15.60%,-5.60%,$8.44 ,-0.60%,"$1,042,037,114 ",Warrants Trading,$1.33 ,5/21/2019,$287.50 ,,,Cantor,Clos. PR Link,SEC Filings,8/6/2021,8/13/2021,8/16/2021,
HLLY,Holley Inc.,EMPW Empower Ltd.,,7/16/2021,37.00%,26.10%,$13.70 ,0.60%,"$1,586,537,254 ",Warrants Trading,$3.91 ,10/7/2020,$250.00 ,"Consumer products, Retail, Services, Exp...","Matthew Rubel (Fmr CEO, Varsity Brands, ...","JP Morgan, Jefferies",Clos. PR Link,SEC Filings,7/21/2021,7/29/2021,10/7/2021,
HYZN,Hyzon Motors Inc.,DCRB Decarbonization Plus Acquisition Corporation,,7/16/2021,-38.60%,-27.80%,$6.14 ,1.80%,"$1,520,538,513 ",Warrants Trading,$1.45 ,10/19/2020,$225.70 ,"Global decarbonization (incl. energy, ag...","Erik Anderson (Founder, WestRiver Group;...","Citigroup, Credit Suisse",Clos. PR Link,SEC Filings,7/30/2021,8/11/2021,10/19/2021,
OWLT,"Owlet, Inc.",SBG Sandbridge Acquisition Corporation,,7/15/2021,-78.60%,-53.10%,$2.14 ,-2.70%,"$241,495,709 ",Warrants Trading,$0.30 ,9/15/2020,$230.00 ,Consumer,"Tommy Hilfiger, Domenico De Sole (Co-Fou...","Citigroup, UBS",Clos. PR Link,SEC Filings,8/5/2021,8/25/2021,9/15/2021,
ENVX,Enovix Corporation,RSVA Rodgers Silicon Valley Acquisition Corp.,,7/14/2021,47.40%,37.40%,$14.74 ,1.20%,"$2,140,920,557 ",,,12/2/2020,$230.00 ,Tech (Silicon Valley based) with applica...,"T. J. Rodgers (Co-founder/Fmr CEO, Cypre...",Oppenheimer & Co.,Clos. PR Link,SEC Filings,8/2/2021,8/10/2021,12/2/2021,1/7/2022
MKFG,"Markforged, Inc.",AONE one,,7/14/2021,-65.50%,-42.00%,$3.45 ,2.70%,"$641,186,223 ",Warrants Trading,$0.70 ,8/17/2020,$215.00 ,Tech,Kevin E. Hartz (co-founder of Xoom--acq ...,Goldman Sachs,Clos. PR Link,SEC Filings,8/12/2021,8/24/2021,8/17/2021,
HLMN,Hillman Solutions Corp.,"LCY Landcadia Holdings III, Inc.?",HMAN Group Holdings Inc. (The Hillman Group),7/14/2021,7.80%,5.50%,$10.78 ,4.50%,"$2,021,999,329 ",,,10/8/2020,$500.00 ,"Consumer, Dining, Hospitality, Entertain...","Tilman Fertitta (Houston Rockets owner, ...",Jefferies,Clos. PR Link,SEC Filings,8/14/2021,8/30/2021,,12/22/2021
UP,Wheels Up Experience Inc.,ASPL Aspirational Consumer Lifestyle Corp.,Wheels Up,7/13/2021,-64.90%,-44.50%,$3.51 ,3.50%,"$862,547,976 ",Warrants Trading,$0.65 ,9/23/2020,$239.70 ,"Consumer, Premium brands that offer an a...",Ravi Thakran (South Asia Group Chairman ...,Credit Suisse,Clos. PR Link,SEC Filings,8/3/2021,8/25/2021,9/23/2021,
SUNL,Sunlight Financial Holdings Inc.,SPRQ Spartan Acquisition Corp. II,,7/9/2021,-55.00%,-42.70%,$4.50 ,3.40%,"$381,668,837 ",Warrants Trading,$0.73 ,11/24/2020,$345.00 ,Energy,Apollo,Cantor,Clos. PR Link,SEC Filings,7/30/2021,9/8/2021,11/24/2021,
FREY,FREYR Battery,ALUS Alussa Energy Acquisition Corp,,7/9/2021,-6.90%,-3.00%,$9.31 ,1.90%,"$1,084,058,178 ",Warrants Trading,$2.78 ,11/26/2019,$250.00 ,Oil and Gas,,BTIG,Clos. PR Link,SEC Filings,8/6/2021,8/11/2021,8/9/2021,
ALIT,"Alight, Inc.",WPF Foley Trasimene Acquisition Corp,,7/2/2021,-7.30%,-4.10%,$9.27 ,2.90%,"$4,141,861,409 ",,,5/27/2020,"$1,035.00 ",Fintech,Bill Foley (Chairman of Fidelity Nationa...,"Credit Suisse, BofA Securities",Clos. PR Link,SEC Filings,8/2/2021,8/24/2021,,12/27/2021
SHCR,"Sharecare, Inc.",FCAC Falcon Capital Acquisition Corp.,,7/1/2021,-67.70%,-46.30%,$3.23 ,8.00%,"$1,095,081,144 ",Warrants Trading,$0.40 ,9/21/2020,$345.00 ,"Media, Digital Media / Consumer Tech, In...","Alan Mnuchin (Board of Directors, FEAC a...",Goldman Sachs,Clos. PR Link,SEC Filings,7/21/2021,7/30/2021,9/21/2021,
EVGO,EVgo Inc.,CLII Climate Change Crisis Real Impact I Acquisition Corp,,7/1/2021,20.20%,14.00%,$12.02 ,2.40%,"$826,215,975 ",Warrants Trading,$3.25 ,9/29/2020,$230.00 ,"Carbon avoidance and removal, Sustainabi...","David Crane (Fmr CEO of IPR, NRG), Beth ...","Citigroup, BofA Securities, Barclays",Clos. PR Link,SEC Filings,7/20/2021,8/2/2021,9/29/2021,
AVPT,"AvePoint, Inc.",APXT Apex Technology Acquisition Corp,,7/1/2021,-45.00%,-18.20%,$5.50 ,2.60%,"$997,810,820 ",Warrants Trading,$0.93 ,9/17/2019,$350.00 ,"Tech, Software, Internet",Jeff Epstein (Former CEO of Oracle),Cantor,Clos. PR Link,SEC Filings,7/23/2021,8/10/2021,8/1/2021,
PNT,POINT Biopharma Global Inc.,RACA Therapeutics Acquisition Corp (d/b/a Research Alliance Corp),,6/30/2021,-42.50%,-25.50%,$5.75 ,-1.70%,"$518,200,316 ",,,7/8/2020,$135.70 ,Healthcare,,Jefferies,Clos. PR Link,SEC Filings,7/30/2021,8/6/2021,7/30/2021,
ENSC,"Ensysce Biosciences, Inc.",LACQ Leisure Acquisition Corp,,6/30/2021,-89.30%,-20.90%,$1.07 ,8.70%,"$26,074,970 ",Warrants Trading,$0.12 ,12/1/2017,$200.00 ,"Gaming, Recreation, Travel, Lodging",,"Morgan Stanley, EarlyBirdCapital, Inc.",Clos. PR Link,SEC Filings,8/9/2021,9/24/2021,7/30/2021,
TBLA,Taboola,IACA ION Acquisition Corp 1 Ltd.,,6/30/2021,-45.10%,-31.40%,$5.49 ,0.70%,"$1,157,793,533 ",Warrants Trading,$0.94 ,10/1/2020,$258.80 ,"Israel, Tech","Jonathan Kolber (Fmr CEO, Koor Industrie...",Cowen,Clos. PR Link,SEC Filings,7/13/2021,9/3/2021,10/1/2021,
ASTR,"Astra Space, Inc.",HOL Holicity Inc.,,6/30/2021,-62.30%,-39.10%,$3.77 ,3.90%,"$761,826,795 ",,,8/5/2020,$300.00 ,"Tech, Media, Telecom","Craig McCaw (Founder, McCaw Cellular and...","Deutsche Bank, BofA Securities",Clos. PR Link,SEC Filings,7/15/2021,8/13/2021,,12/27/2021
IS,ironSource,TBA Thoma Bravo Advantage,,6/28/2021,-48.90%,-42.60%,$5.11 ,4.50%,"$523,264,000 ",,,1/14/2021,"$1,000.00 ","Software, Tech","Orlando Bravo (Founder, Thoma Bravo), Le...","Citigroup, Deutsche Bank, Goldman Sachs",Clos. PR Link,SEC Filings,7/28/2021,8/11/2021,1/14/2022,
PAYO,Payoneer Inc.,FTOC FTAC Olympus Acquisition,,6/28/2021,-56.60%,-36.80%,$4.34 ,2.40%,"$1,483,560,871 ",Warrants Trading,$1.33 ,8/25/2020,$754.70 ,"Tech, Fintech",Betsy Cohen (Founder/Fmr CEO Bancorp; Di...,"Citigroup, Cantor",Clos. PR Link,SEC Filings,7/20/2021,8/9/2021,8/25/2021,
ELMS,"Electric Last Mile, Inc.",FIII Forum Merger III Corporation,,6/25/2021,-80.20%,-51.50%,$1.98 ,-2.00%,"$245,573,484 ",Warrants Trading,$0.29 ,8/18/2020,$250.00 ,,Marshall Kiev and David Boris (Forum I &...,Jefferies,Clos. PR Link,SEC Filings,7/23/2021,8/9/2021,8/18/2021,
BODY,"The Beachbody Company, Inc.",FRX Forest Road Acquisition Corp.,The Beachbody Company Group and Myx Fitness,6/25/2021,-79.60%,-61.80%,$2.04 ,5.70%,"$344,753,399 ",Warrants Trading,$0.26 ,11/24/2020,$300.00 ,"TMT (Tech, Media, Telecom)","Keith Horn (Former COO, Elliott Manageme...",Cantor,Clos. PR Link,SEC Filings,7/23/2021,8/9/2021,11/24/2021,
ORGN,"Origin Materials, Inc.",AACQ Artius Acquisition,,6/25/2021,-38.90%,-23.50%,$6.11 ,10.30%,"$863,352,587 ",Warrants Trading,$1.32 ,7/14/2020,$724.50 ,Tech,"Charles Drucker (Former CEO, WorldPay)","Credit Suisse, Goldman Sachs",Clos. PR Link,SEC Filings,7/15/2021,8/2/2021,7/25/2021,
PWP,Perella Weinberg Partners,FTIV FinTech Acquisition Corp. IV,,6/24/2021,,,$10.00 ,2.90%,"$426,490,410 ",Warrants Trading,$2.30 ,9/24/2020,$230.00 ,"Fintech, Healthcare","Betsy Cohen (Founder/Fmr CEO Bancorp), D...",Cantor,Clos. PR Link,SEC Filings,7/15/2021,7/27/2021,9/24/2021,
TALK,"Talkspace, Inc.",HEC Hudson Executive Investment,,6/22/2021,-84.10%,-48.10%,$1.59 ,3.90%,"$244,818,549 ",Warrants Trading,$0.20 ,6/9/2020,$414.00 ,"Fintech, Healthcare",,"Citigroup, JP Morgan",Clos. PR Link,SEC Filings,7/2/2021,7/12/2021,7/22/2021,
MYPS,"PLAYSTUDIOS, Inc.",ACAC Acies Acquisition Corp.,,6/21/2021,-59.40%,-43.10%,$4.06 ,4.90%,"$447,712,700 ",Warrants Trading,$0.58 ,10/22/2020,$215.30 ,"Live events, Entertainment, Gaming, Hosp...","James Murren (Fmr CEO, MGM International...","Morgan Stanley, Oppenheimer, JP Morgan",Clos. PR Link,SEC Filings,7/19/2021,8/2/2021,10/22/2021,
LVOX,"LiveVox Holdings, Inc.",CRSA Crescent Acquisition Corp,,6/18/2021,-57.60%,-19.20%,$4.24 ,-0.20%,"$416,540,682 ",Warrants Trading,$0.50 ,3/8/2019,$250.00 ,,,"Credit Suisse, BofA Merrill Lynch",Clos. PR Link,SEC Filings,7/16/2021,8/2/2021,7/18/2021,
ATIP,"ATI Physical Therapy, Inc.",FAII Fortress Value Acquisition Corp. II,,6/17/2021,-82.00%,-52.10%,$1.80 ,0.60%,"$355,057,931 ",Warrants Trading,$0.28 ,8/12/2020,$345.00 ,,"SoftBank, Rakefet Russak-Aminoach (Forme...","Deutsche Bank Securities, Morgan Stanley...",Clos. PR Link,SEC Filings,7/9/2021,7/30/2021,8/12/2021,
ME,23andMe Holding Co.,VGAC VG Acquisition Corp,"23andMe, Inc.",6/16/2021,-55.70%,-38.80%,$4.43 ,5.00%,"$935,463,617 ",,,10/1/2020,$508.60 ,,"Sir Richard Branson, Josh Bayliss (CEO, ...",Credit Suisse,Clos. PR Link,SEC Filings,7/8/2021,7/15/2021,,12/22/2021
MAPS,"WM Technology, Inc.",SSPK Silver Spike Acquisition Corp,"WM Holding Company, LLC",6/16/2021,-42.20%,-16.30%,$5.78 ,5.10%,"$406,906,607 ",Warrants Trading,$1.20 ,8/7/2019,$250.00 ,Cannabis,,"Credit Suisse, I-Bankers",Clos. PR Link,SEC Filings,7/8/2021,7/21/2021,7/16/2021,
PTRA,Proterra Inc,ACTC ArcLight Clean Transition Corp,,6/15/2021,-25.30%,-17.30%,$7.47 ,1.60%,"$1,630,753,133 ",,,9/22/2020,$277.50 ,"Sustainable Energy, Renewable Resources","Daniel Revers (Founder, ArcLight Capital...","Citigroup, Barclays",Clos. PR Link,SEC Filings,6/29/2021,7/12/2021,,10/29/2021
SKIL,Skillsoft Corp.,CCX Churchill Capital Corp II,,6/11/2021,-38.40%,-14.20%,$6.16 ,4.60%,"$820,293,480 ",Warrants Trading,$1.19 ,6/26/2019,$690.00 ,,Michael Klein (Former Co-CEO of Citigrou...,"Citigroup, B. Riley FBR",Clos. PR Link,SEC Filings,7/6/2021,8/3/2021,7/11/2021,
INDI,indie Semiconductor,THBR Thunder Bridge Acquisition II,,6/10/2021,-24.20%,-9.40%,$7.58 ,1.20%,"$774,929,907 ",Warrants Trading,$2.06 ,8/8/2019,$345.00 ,"Fintech, Financial Services","Peter Kight (Founder, CheckFree (acquire...","Morgan Stanley, Cantor",Clos. PR Link,SEC Filings,7/2/2021,7/14/2021,7/10/2021,
QSI,Quantum-Si Incorporated,CAPA HighCape Capital Acquisition Corp.,,6/10/2021,-55.10%,-36.40%,$4.49 ,11.70%,"$533,089,349 ",Warrants Trading,$0.89 ,9/3/2020,$115.00 ,"Life Sciences, Healthcare","Kevin Rakin (Partner High Cape Capital, ...",Cantor,Clos. PR Link,SEC Filings,7/2/2021,7/22/2021,9/3/2021,
UPH,"UpHealth Holdings, Inc.","GIX GigCapital2, Inc",,6/9/2021,-78.90%,-28.60%,$2.11 ,2.40%,"$304,368,245 ",Warrants Trading,$0.28 ,6/6/2019,$172.50 ,"TMT (Tech, Media, Telecom)",Avi Katz (Fmr CEO of Gig Optix),"EarlyBirdCapital, Northland",Clos. PR Link,SEC Filings,2/16/2021,6/28/2021,7/9/2021,
KPLT,"Katapult Holdings, Inc.",FSRV FinServ Acquisition Corp,,6/9/2021,-79.90%,-34.00%,$2.01 ,6.90%,"$195,919,466 ",Warrants Trading,$0.28 ,11/1/2019,$250.00 ,"Fintech, Financial Services",,"Barclays, Cantor",Clos. PR Link,SEC Filings,6/30/2021,9/10/2021,7/9/2021,
NAUT,"Nautilus Biotechnology, Inc.",ARYA ARYA Sciences Acquisition Corp III,,6/9/2021,-61.10%,-38.50%,$3.89 ,1.00%,"$484,016,840 ",,,8/6/2020,$149.50 ,Healthcare,Perceptive Advisors,"Jefferies, Goldman Sachs",Clos. PR Link,SEC Filings,7/22/2021,8/9/2021,8/6/2021,
CMAX,"CareMax, Inc.",DFHT Deerfield Healthcare Technology Acquisitions,"CareMax Medical Group, L.L.C. and IMC Medical Group Holdings LLC",6/8/2021,-27.40%,-16.70%,$7.26 ,21.00%,"$632,157,131 ",Warrants Trading,$0.99 ,7/17/2020,$143.80 ,Healthcare,,"Deutsche Bank, UBS",Clos. PR Link,SEC Filings,6/30/2021,7/15/2021,7/17/2021,
LTCH,"Latch, Inc.",TSIA TS Innovation Acquisitions Corp.,,6/7/2021,-63.10%,-47.50%,$3.69 ,1.10%,"$526,847,207 ",Warrants Trading,$0.65 ,11/9/2020,$300.00 ,"Real Estate, Proptech","Robert Speyer (CEO, Tishman Speyer)","BofA Securities, Allen & Company",Clos. PR Link,SEC Filings,6/25/2021,7/12/2021,11/9/2021,
JBI,"Janus International Group, Inc.",JIH Juniper Industrial Holdings Inc,,6/7/2021,-4.90%,-2.10%,$9.51 ,-0.60%,"$1,393,801,929 ",,,11/8/2019,$345.00 ,Industrials,,UBS,Clos. PR Link,SEC Filings,7/7/2021,8/9/2021,7/7/2021,11/12/2021
CANO,"Cano Health, Inc.",JWS Jaws Acquisition Corp,,6/3/2021,-34.70%,-19.10%,$6.53 ,43.20%,"$1,178,083,680 ",Warrants Trading,$1.55 ,5/14/2020,$690.00 ,,Barry Sternlicht (Chairman and CEO of St...,"Credit Suisse, Morgan Stanley",Clos. PR Link,SEC Filings,6/25/2021,7/22/2021,7/3/2021,
BARK,The Original BARK Company,STIC Northern Star Acquisition Corp.,"Barkbox, Inc.",6/1/2021,-69.10%,-52.10%,$3.09 ,5.80%,"$536,396,786 ",Warrants Trading,$0.47 ,11/10/2020,$254.40 ,"Beauty, wellness, self-care, fashion, e-...",Jonathan Ledecky (Co-owner New York Isla...,Citigroup,Clos. PR Link,SEC Filings,6/23/2021,7/2/2021,11/10/2021,
SOFI,"SoFi Technologies, Inc.",IPOE Social Capital Hedosophia Holdings Corp. V,"Social Finance, Inc.",5/28/2021,-1.30%,-0.90%,$9.87 ,1.50%,"$8,178,198,993 ",,,10/8/2020,$805.00 ,Tech,"Chamath Palihapitiya (Managing Partner, ...",Credit Suisse,Clos. PR Link,SEC Filings,6/14/2021,6/24/2021,10/8/2021,12/6/2021
NRXP,"NRx Pharmaceuticals, Inc.",BRPA Big Rock Partners Acquisition Corp,"NeuroRx, Inc.",5/25/2021,-67.00%,-15.60%,$3.30 ,26.40%,"$194,074,115 ",Warrants Trading,$1.27 ,11/20/2017,$60.00 ,Senior Housing,,EarlyBirdCapital,Clos. PR Link,SEC Filings,6/25/2021,7/9/2021,6/25/2021,
OWL,Blue Owl Capital Inc.,ATAC Altimar Acquisition Corp,,5/20/2021,22.40%,16.30%,$12.24 ,7.50%,"$4,956,213,591 ",Warrants Trading,$3.18 ,10/22/2020,$275.00 ,,"Tom Wasserman (Managing Director, HPS In...",Goldman Sachs,Clos. PR Link,SEC Filings,6/21/2021,8/2/2021,10/22/2021,
BLDE,"Blade Air Mobility, Inc.",EXPC Experience Investment Corp,"BLADE Urban Air Mobility, Inc.",5/7/2021,-28.30%,-11.40%,$7.17 ,2.40%,"$506,724,951 ",Warrants Trading,$1.51 ,9/13/2019,$275.00 ,Travel and Leisure,,"Deutsche Bank, Citigroup",Clos. PR Link,SEC Filings,5/28/2021,6/7/2021,6/7/2021,
LEV,Lion Electric,NGA Northern Genesis Acquisition Corp.,,5/6/2021,-19.80%,-12.70%,$8.02 ,2.70%,"$1,523,821,750 ",Warrants Trading,$2.12 ,8/17/2020,$319.50 ,"Sustainability, Societal Infrastructure",,"Raymond James, EarlyBirdCapital",Clos. PR Link,SEC Filings,5/28/2021,6/14/2021,8/17/2021,
ZEV,"Lightning eMotors, Inc.",GIK GigCapital3 Inc,,5/6/2021,-44.50%,-24.50%,$5.55 ,0.50%,"$416,004,274 ",Warrants Trading,$1.01 ,5/14/2020,$202.00 ,"TMT (Tech, Media, Telecom)",Avi Katz (Fmr CEO of Gig Optix),"Nomura, Oppenheimer",Clos. PR Link,SEC Filings,6/21/2021,7/6/2021,6/6/2021,
SKIN,The Beauty Health Company,VSPR Vesper Healthcare Acquisition Corp.,The HydraFacial Company,5/5/2021,82.90%,57.50%,$18.29 ,3.60%,"$2,754,438,280 ",,,9/29/2020,$460.00 ,"Pharmaceuticals, Healthcare","Brenton Saunders (Fmr CEO, Allergan; Fmr...","Goldman Sachs, JP Morgan",Clos. PR Link,SEC Filings,7/19/2021,7/27/2021,,11/3/2021
STEM,"Stem, Inc.",STPK Star Peak Energy Transition Corp,,4/28/2021,-10.30%,-6.60%,$8.97 ,2.50%,"$1,376,390,491 ",,,8/17/2020,$384.30 ,"Renewable Energy, Energy Transition Infr...","Michael C. Morgan (Lead Director, Kinder...","Credit Suisse, Goldman Sachs",Clos. PR Link,SEC Filings,5/26/2021,6/14/2021,,9/20/2021
GENI,Genius Sports Limited,"DMYD dMY Technology Group, Inc. II",,4/20/2021,-50.40%,-32.10%,$4.96 ,7.80%,"$987,596,214 ",Warrants Trading,$1.11 ,8/13/2020,$276.00 ,"Mobile Apps, Consumer Internet, Tech",Harry You (Former CFO of Oracle and Acce...,"Goldman Sachs, Needham",Clos. PR Link,SEC Filings,5/10/2021,6/1/2021,8/13/2021,
ASTS,AST SpaceMobile,NPA New Providence Acquisition Corp,AST & Science,4/6/2021,-2.20%,-0.90%,$9.78 ,44.90%,"$505,918,461 ",,,9/11/2019,$230.00 ,Consumer Goods,"Gary Smith (Fmr CEO, Big Red; Fmr COO Re...","BTIG, I-Bankers",Clos. PR Link,SEC Filings,5/6/2021,5/14/2021,5/6/2021,
INVZ,"Innoviz Technologies, Inc.",CGRO Collective Growth Corp,,4/5/2021,-63.50%,-34.20%,$3.65 ,2.20%,"$487,404,995 ",Warrants Trading,$1.03 ,5/1/2020,$150.00 ,Cannabis,Peter Cuneo (Former CEO Marvel Comics; F...,Cantor,Clos. PR Link,SEC Filings,7/27/2021,8/6/2021,5/5/2021,
FOA,Finance of America Companies Inc.,RPLA Replay Acquisition Corp,,4/1/2021,-68.70%,-23.40%,$3.13 ,5.70%,"$184,472,009 ",Warrants Trading,$0.43 ,4/3/2019,$287.50 ,"Argentina, Brazil",,"Credit Suisse, BofA Securities",Clos. PR Link,SEC Filings,5/24/2021,6/4/2021,5/1/2021,
PSFE,Paysafe Limited,BFT Foley Trasimene Acquisition Corp. II,,3/30/2021,-69.20%,-44.50%,$3.08 ,9.20%,"$451,846,303 ",Warrants Trading,$0.51 ,8/18/2020,"$1,467.00 ",,Bill Foley (Chairman of Fidelity Nationa...,"Credit Suisse, BofA Securities",Clos. PR Link,SEC Filings,5/19/2021,5/28/2021,8/18/2021,
ARVL,Arrival,CIIC CIIG Merger Corp,,3/25/2021,-64.10%,-28.60%,$3.59 ,11.50%,"$2,267,857,999 ",,,12/13/2019,$258.80 ,"TMT (Tech, Media, Telecom)",Peter Cuneo (Former CEO Marvel Comics; F...,"UBS, Barclays",Clos. PR Link,SEC Filings,3/31/2021,6/17/2021,,7/19/2021
NVVE,Nuvve Holding Corp,NBAC Newborn Acquisition Corp,,3/22/2021,-26.00%,-12.60%,$7.40 ,3.40%,"$139,129,228 ",Warrants Trading,$0.83 ,2/14/2020,$58.00 ,Asia (Non-China),,Chardan,Clos. PR Link,SEC Filings,3/25/2021,4/5/2021,4/22/2021,
LBPS,4D pharma plc,LOAC Longevity Acquisition Corp.,,3/22/2021,-70.10%,-19.80%,$2.99 ,-1.00%,"$67,387,487 ",Warrants Trading,$0.35 ,8/28/2018,$40.00 ,China,,Cantor,Clos. PR Link,SEC Filings,4/23/2021,5/24/2021,4/22/2021,
PCT,"PureCycle Technologies, Inc.",ROCH Roth CH Acquisition I Co,,3/17/2021,-15.30%,-8.30%,$8.47 ,9.10%,"$994,011,461 ",Warrants Trading,$3.11 ,5/5/2020,$76.50 ,"Business Services, Consumer, Healthcare,...","Byron Roth (CEO, Roth)","Roth Capital Partners, Craig-Hallum Capi...",Clos. PR Link,SEC Filings,3/19/2021,3/19/2021,5/5/2021,
AEVA,"Aeva, Inc.",IPV Interprivate Acquisition Corp,,3/12/2021,-59.60%,-28.50%,$4.04 ,11.90%,"$872,615,905 ",Warrants Trading,$0.74 ,2/4/2020,$241.50 ,,"Ahmed Fattouh (CEO, InterPrivate)","Morgan Stanley, EarlyBirdCapital, Inc.",Clos. PR Link,SEC Filings,6/9/2021,6/24/2021,4/12/2021,
OUST,"Ouster, Inc.",CLA Colonnade Acquisition Corp.,,3/11/2021,-67.10%,-43.30%,$3.29 ,6.80%,"$568,497,307 ",Warrants Trading,$0.65 ,8/20/2020,$200.00 ,"Natural Resources, Energy, Real Estate, ...",,BTIG,Clos. PR Link,SEC Filings,4/2/2021,8/20/2021,8/20/2021,
VIEW,"View, Inc.",CFII CF Finance Acquisition Corp II,,3/8/2021,-84.00%,-54.80%,$1.60 ,2.60%,"$347,322,739 ",Warrants Trading,$0.20 ,8/27/2020,$500.00 ,"Financial Services, Health-care, Real Es...","Howard Lutnick (CEO, Cantor)",Cantor,Clos. PR Link,SEC Filings,4/7/2021,,8/27/2021,
CHPT,"ChargePoint Holdings, Inc.",SBE Switchback Energy Acquisition Corp,,2/26/2021,74.70%,28.50%,$17.47 ,5.40%,"$5,783,043,507 ",,,7/25/2019,$300.00 ,Energy,"Ray Kubis (Chairman, Gridtential)","Goldman Sachs, Citigroup",Clos. PR Link,SEC Filings,3/2/2021,3/11/2021,,7/6/2021
BFLY,"Butterfly Network, Inc.",LGVW Longview Acquisition Corp.,,2/16/2021,-55.70%,-30.90%,$4.43 ,8.00%,"$742,140,672 ",Warrants Trading,$0.83 ,5/21/2020,$414.00 ,Healthcare,"Larry Robbins (Founder/CEO, Glenview)","UBS, Cowen",Clos. PR Link,SEC Filings,3/29/2021,5/12/2021,5/21/2021,
NUVB,Nuvation Bio Inc.,PANA Panacea Acquisition,,2/10/2021,-48.80%,-28.90%,$5.12 ,4.50%,"$1,116,462,720 ",Warrants Trading,$0.70 ,7/1/2020,$143.80 ,"Biotech, Healthcare",,Cowen,Clos. PR Link,SEC Filings,3/11/2021,3/31/2021,7/1/2021,
PLBY,"PLBY Group, Inc.",MCAC Mountain Crest Acquisition Corp,Playboy Enterprises Inc.,2/10/2021,54.60%,31.00%,$15.46 ,2.00%,"$658,759,706 ",,,6/5/2020,$58.60 ,,,Chardan,Clos. PR Link,SEC Filings,11/10/2020,2/10/2021,6/5/2021,
MILE,"Metromile, Inc.",INAQ INSU Acquisition Corp. II,,2/9/2021,-88.80%,-58.60%,$1.12 ,8.70%,"$143,608,511 ",Warrants Trading,$0.09 ,9/2/2020,$230.00 ,"Insurance, InsureTech",Cohen & Company,Cantor,Clos. PR Link,SEC Filings,2/12/2021,4/2/2021,9/2/2021,
GMTX,"Gemini Therapeutics, Inc.",FSDC FS Development Corp.,,2/5/2021,-84.50%,-53.70%,$1.55 ,6.20%,"$66,824,750 ",,,8/12/2020,$105.00 ,"BioTech, Healthcare","Dr. Jim Tananbaum (Founder, Foresite Cap...",Jefferies,Clos. PR Link,SEC Filings,2/17/2021,4/28/2021,8/12/2021,
ETWO,"E2open Parent Holdings, Inc.",PCPL CC Neuberger Principal Holdings I,,2/5/2021,-9.10%,-4.90%,$9.09 ,4.10%,"$2,739,362,100 ",Warrants Trading,$1.98 ,4/24/2020,$414.00 ,"Finance, Tech","Chinh Chu (Founder/Managing Partner, CC ...","Goldman Sachs, BofA Securities, UBS",Clos. PR Link,SEC Filings,3/8/2021,3/29/2021,4/24/2021,
ADN,"Advent Technologies Holdings, Inc.",AMCI AMCI Acquisition Corp,,2/4/2021,-70.00%,-21.10%,$3.00 ,3.60%,"$154,017,041 ",Warrants Trading,$0.51 ,11/15/2018,$220.50 ,"Natural Resources, Mining",,"Jefferies, UBS",Clos. PR Link,SEC Filings,2/16/2021,3/30/2021,3/4/2021,
APPH,"AppHarvest, Inc.",NOVS Novus Capital Corp,,2/1/2021,-53.50%,-29.50%,$4.65 ,-4.10%,"$468,471,820 ",Warrants Trading,$0.69 ,5/15/2020,$100.00 ,"Smart Tech, 5G communication, VR, AI, Cl...",Robert Laikin (Founder of L7 Investments...,"EarlyBirdCapital, I-Bankers",Clos. PR Link,SEC Filings,2/10/2021,3/4/2021,5/15/2021,
UWMC,UWM Holdings Corporation,"GHIV Gores Holdings IV, Inc","United Wholesale Mortgage, LLC",1/21/2021,-55.40%,-26.10%,$4.46 ,3.50%,"$412,682,368 ",Warrants Trading,$0.39 ,1/24/2020,$425.00 ,"Industrials, Tech, Telecom, Media and En...",Alec Gores (Founder of The Gores Group,"Deutsche Bank, Morgan Stanley",Clos. PR Link,SEC Filings,1/26/2021,2/5/2021,2/21/2021,
LOTZ,"CarLotz, Inc.",ACAM Acamar Partners Acquisition Corp,,1/21/2021,-82.30%,-27.00%,$1.77 ,4.70%,"$201,749,705 ",Warrants Trading,$0.36 ,2/21/2019,$300.00 ,Consumer and Retail,"Charles Bernicker (CEO, South Mountain M...","Goldman Sachs, Deutsche Bank",Clos. PR Link,SEC Filings,2/11/2021,3/23/2021,2/21/2021,
HIMS,"Hims & Hers Health, Inc.",OAC Oaktree Acquisition Corp,,1/20/2021,-52.80%,-20.00%,$4.72 ,10.00%,"$928,402,014 ",,,7/17/2019,$201.30 ,"Industrial, Consumer",,"Credit Suisse, Deutsche Bank",Clos. PR Link,SEC Filings,2/5/2021,2/12/2021,,8/9/2021
BTRS,BTRS Holdings Inc.,SMMC South Mountain Merger Corp,Billtrust,1/12/2021,-35.20%,-12.90%,$6.48 ,5.70%,"$994,065,651 ",,,6/19/2019,$250.00 ,Fintech,"Charles Bernicker (CEO, South Mountain M...",Citigroup,Clos. PR Link,SEC Filings,2/3/2021,2/9/2021,2/12/2021,
CLOV,"Clover Health Investments, Corp.",IPOC Social Capital Hedosophia Holdings Corp. III,,1/7/2021,-68.60%,-36.50%,$3.14 ,5.00%,"$1,383,681,443 ",,,4/22/2020,$828.00 ,"Tech, Non-US","Chamath Palihapitiya (Managing Partner, ...",Credit Suisse,Clos. PR Link,SEC Filings,1/13/2021,1/27/2021,4/22/2021,9/9/2021
LSEA,Landsea Homes Corporation,LFAC LF Capital Acquisition Corp,,1/7/2021,-36.80%,-9.90%,$6.32 ,0.60%,"$292,496,495 ",Warrants Trading,$0.19 ,6/20/2018,$155.30 ,"Fintech, Commercial Banking",,"B. Riley FBR, Raymond James",Clos. PR Link,SEC Filings,1/29/2021,2/11/2021,2/7/2021,
BMTX,"BM Technologies, Inc.",MFAC Megalith Financial Acquisition Corp,"BankMobile Technologies, Inc.",1/5/2021,-6.30%,-1.80%,$9.37 ,-0.10%,"$114,373,762 ",Warrants Trading,$1.43 ,8/23/2018,$150.00 ,"Fintech, Financial Services",Chad Hurley (Founder and Former CEO of Y...,"Chardan, BTIG",Clos. PR Link,SEC Filings,2/12/2021,7/30/2021,2/5/2021,
CLNN,"Clene Nanomedicine, Inc.",TOTA Tottenham Acquisition I,,12/30/2020,-69.30%,-19.20%,$3.07 ,10.40%,"$190,964,843 ",Warrants Trading,$0.33 ,8/1/2018,$46.00 ,"Asia Ops (Focus on China), TMT (Technolo...",,"Chardan, I-Bankers",Clos. PR Link,SEC Filings,,,1/30/2021,
RMO,"Romeo Power, Inc.",RMG RMG Acquisition Corp,"Romeo Systems, Inc.",12/29/2020,-85.10%,-27.60%,$1.49 ,-0.70%,"$200,364,208 ",,,2/7/2019,$200.00 ,"Diversified Resources, Industrial Materi...",,"Deutsche Bank, Stifel",Clos. PR Link,SEC Filings,,,,4/5/2021
DNMR,"Danimer Scientific, Inc.",LOAK Live Oak Acquisition Corp.,,12/29/2020,-59.40%,-32.30%,$4.06 ,2.30%,"$348,072,764 ",,,5/6/2020,$253.00 ,"Financial Services, Industrials, Busines...",,"Jefferies, BMO",Clos. PR Link,SEC Filings,,,,6/16/2021
GNOG,"Golden Nugget Online Gaming, Inc.","LCA Landcadia Holdings II, Inc",,12/29/2020,-34.90%,-12.30%,$6.51 ,2.50%,"$303,173,278 ",,,5/7/2019,$316.30 ,"Consumer, Dining, Hospitality, Entertain...","Tilman Fertitta (Houston Rockets owner, ...",Jefferies,Clos. PR Link,SEC Filings,,,,3/8/2021
RSI,"Rush Street Interactive, Inc.",DMYT dMY Technology Group Inc,,12/29/2020,-18.50%,-9.00%,$8.15 ,2.40%,"$1,659,053,902 ",,,2/21/2020,$230.00 ,"Mobile Apps, Consumer Internet, Tech",Harry You (Former CFO of Oracle and Acce...,"Goldman Sachs, UBS",Clos. PR Link,SEC Filings,,,,3/24/2021
PRCH,"Porch Group, Inc.",PTAC PropTech Acquisition Corp,"Porch.com, Inc.",12/23/2020,-29.80%,-13.00%,$7.02 ,1.20%,"$688,410,038 ",,,11/21/2019,$172.50 ,PropTech,,Cantor,Clos. PR Link,SEC Filings,,,,4/16/2021
VINC,"Vincera Pharma, Inc.",LSAC LifeSci Acquisition Corp,,12/23/2020,-52.00%,-25.90%,$4.80 ,5.30%,"$101,076,288 ",,,3/6/2020,$65.60 ,Healthcare,,Chardan,Clos. PR Link,SEC Filings,,,,5/5/2021
XL,XL Fleet Corp,PIC Pivotal Investment Corporation II,,12/22/2020,-76.60%,-28.80%,$2.34 ,2.20%,"$330,898,249 ",,,7/11/2019,$230.00 ,"Tech, LogTech, Last Mile Delivery, Cyber...","Jon Ledecky (co-owner, New York Islander...","Cantor, BTIG",Clos. PR Link,SEC Filings,,,,3/1/2021
ASLE,AerSale Corporation,MNCL Monocle Acquisition Corp,,12/22/2020,56.10%,18.20%,$15.61 ,0.50%,"$702,211,448 ",,,2/6/2019,$172.50 ,"Aerospace, Defense, Industrial",,"Cowen, Chardan",Clos. PR Link,SEC Filings,,,,12/29/2021
ARKO,ARKO Corp,HYAC Haymaker Acquisition Corp. II,"ARKO Holdings Ltd., GPM Investments, LLC",12/22/2020,-15.80%,-5.70%,$8.42 ,2.90%,"$1,049,202,172 ",Warrants Trading,$1.61 ,6/7/2019,$400.00 ,Consumer,Steven Heyer (Former CEO of Starwood Hot...,Cantor,Clos. PR Link,SEC Filings,,,1/22/2021,
GOEV,Canoo Holdings,HCAC Hennessy Capital Acquisition Corp IV,,12/21/2020,-41.60%,-13.80%,$5.84 ,15.90%,"$1,393,600,876 ",Warrants Trading,$1.20 ,3/1/2019,$300.20 ,Industrials,Daniel Hennessy,"Nomura, Stifel",Clos. PR Link,SEC Filings,,,1/21/2021,
OPEN,Opendoor Technologies Inc.,IPOB Social Capital Hedosophia Hldgs II Corp,Opendoor Labs Inc.,12/18/2020,-25.20%,-13.50%,$7.48 ,10.20%,"$4,638,585,071 ",,,4/28/2020,$414.00 ,"Tech, United States","Chamath Palihapitiya (Managing Partner, ...",Credit Suisse,Clos. PR Link,SEC Filings,,,,7/9/2021
CLVR,"Clever Leaves Holdings, Inc.",SAMA Schultze Special Purpose Acquisition Corp,,12/18/2020,-90.00%,-27.70%,$1.00 ,-3.40%,"$26,716,885 ",Warrants Trading,$0.21 ,12/10/2018,$130.00 ,Restructured Companies,,"EarlyBirdCapital, BTIG",Clos. PR Link,SEC Filings,,,1/18/2021,
BFI,BurgerFi International,OPES Opes Acquisition Corp,,12/17/2020,-50.80%,-12.70%,$4.92 ,4.70%,"$104,615,928 ",Warrants Trading,$0.74 ,3/13/2018,$100.00 ,Mexico,,"EarlyBirdCapital, Chardan",Clos. PR Link,SEC Filings,,,1/17/2021,
SKLZ,Skillz,FEAC Flying Eagle Acquisition Corp,,12/16/2020,-73.60%,-36.60%,$2.64 ,8.20%,"$976,244,882 ",,,3/6/2020,$690.00 ,,"Jeff Sagansky, Harry Sloan (Former CEO o...","Goldman Sachs, Deutsche Bank",Clos. PR Link,SEC Filings,,,,8/16/2021
RVPH,"Reviva Pharmaceuticals Holdings, Inc.",TZAC Tenzing Acquisition Corp,,12/14/2020,-82.20%,-23.10%,$1.78 ,1.70%,"$26,937,249 ",Warrants Trading,$0.18 ,8/20/2018,$55.00 ,India,,Maxim,Clos. PR Link,SEC Filings,,,1/14/2021,
DM,Desktop Metal Inc.,TRNE Trine Acquisition Corp,,12/10/2020,-58.20%,-18.80%,$4.18 ,5.80%,"$1,300,039,920 ",,,2/1/2019,$261.00 ,"Media, Communications",Leo Hindery (Managing Partner of InterMe...,"BTIG, Cantor",Clos. PR Link,SEC Filings,,,,3/29/2021
HTOO,Fusion Fuel Green PLC,HCCH HL Acquisitions Corp,,12/10/2020,-13.00%,-3.50%,$8.70 ,11.40%,"$95,123,816 ",Warrants Trading,$2.55 ,7/2/2018,$55.00 ,"Energy, Hydrocarbon Logistics and Proces...",,EarlyBirdCapital,Clos. PR Link,SEC Filings,,,1/10/2021,
LAZR,"Luminar Technologies, Inc.","GMHI Gores Metropoulos, Inc",,12/2/2020,32.70%,10.50%,$13.27 ,3.70%,"$3,347,390,303 ",,,2/1/2019,$400.00 ,Consumer Products and Services,Alec Gores (Founder of The Gores Group),"Deutsche Bank, Credit Suisse",Clos. PR Link,SEC Filings,,,,3/16/2021
QS,QuantumScape,KCAC Kensington Acquisition Corp,,11/27/2020,60.10%,35.30%,$16.01 ,7.90%,"$5,353,566,865 ",,,6/26/2020,$230.00 ,Automotive,"Justin Mirro (Former Chairman, Pure Powe...","UBS, Stifel",Clos. PR Link,SEC Filings,,,,8/24/2021
ID,"PARTS iD, Inc.",LGC Legacy Acquisition Corp,Onyx Enterprises Int’l Corp. (d/b/a CARiD.com),11/20/2020,-81.60%,-18.90%,$1.84 ,-2.90%,"$61,039,159 ",Warrants Trading,$1.76 ,11/17/2017,$300.00 ,Consumer Goods,,"Wells Fargo Securities, Cantor & Co., St...",Clos. PR Link,SEC Filings,,,,
UK,Ucommune International Ltd,ORSN Orisun Acquisition Corp,,11/18/2020,-96.00%,-36.90%,$0.40 ,1.00%,"$31,175,083 ",Warrants Trading,$0.07 ,8/2/2019,$40.00 ,Tech,,Chardan,Clos. PR Link,SEC Filings,7/2/2021,3/22/2021,12/18/2020,
MP,MP Materials Corp.,FVAC Fortress Value Acquisition Corp,,11/17/2020,354.80%,191.00%,$45.48 ,3.90%,"$8,073,836,682 ",Warrants Trading,$20.33 ,4/30/2020,$345.00 ,,Fortress,"Deutsche Bank, Morgan Stanley",Clos. PR Link,SEC Filings,,,,6/4/2021
GCMG,GCM Grosvenor Inc.,CFFA CF Finance Acquisition Corp,,11/17/2020,2.70%,0.80%,$10.27 ,2.20%,"$452,252,175 ",Warrants Trading,$1.48 ,12/13/2018,$250.00 ,"Finance, Real Estate, Insurance, Fintech","Howard Lutnick (CEO, Cantor)",Cantor,Clos. PR Link,SEC Filings,,,12/17/2020,
EOSE,"Eos Energy Enterprises, Inc.",BMRG B Riley Principal Merger II Corp,"Eos Energy Storage, LLC",11/16/2020,-66.00%,-36.60%,$3.40 ,0.60%,"$183,457,244 ",Warrants Trading,$1.00 ,5/20/2020,$176.80 ,,B. Riley Financial,B. Riley FBR,Clos. PR Link,SEC Filings,,,5/20/2021,
ATNF,180 Life Sciences Corp.,KBLM KBL Merger Corp IV,,11/9/2020,-70.10%,-14.70%,$2.99 ,2.70%,"$101,709,203 ",Warrants Trading,$0.67 ,6/1/2017,$100.00 ,Healthcare,,"Ladenburg Thalmann, B. Riley FBR",Clos. PR Link,SEC Filings,7/20/2021,7/27/2021,12/9/2020,
TLMD,"SOC Telemed, Inc.",HCCO Healthcare Merger Corp.,,10/30/2020,-70.80%,-31.60%,$2.92 ,0.70%,"$294,452,511 ",Warrants Trading,$0.75 ,12/12/2019,$250.00 ,Healthcare,,Cantor,Clos. PR Link,SEC Filings,,,12/12/2020,
FSR,Fisker Inc.,SPAQ Spartan Energy Acquisition Corp,,10/28/2020,14.60%,4.10%,$11.46 ,5.20%,"$1,884,465,004 ",,,8/9/2018,$552.00 ,Energy,"Apollo Global Management, Inc.","Citigroup, Credit Suisse",Clos. PR Link,SEC Filings,,,,4/19/2021
ADV,Advantage Solutions Inc,CPAA Conyers Park II Acquisition Corp.,,10/28/2020,-38.90%,-14.70%,$6.11 ,11.10%,"$1,946,484,488 ",Warrants Trading,$0.88 ,7/17/2019,$402.50 ,Consumer,"Centerview Capital, James Kilts (Partner...","Deutsche Bank, Goldman Sachs",Clos. PR Link,SEC Filings,,,11/28/2020,
CERE,Cerevel Therapeutics,ARYB ARYA Sciences Acquisition Corp II,,10/26/2020,249.40%,141.80%,$34.94 ,13.50%,"$5,171,367,096 ",,,6/5/2020,$149.50 ,Healthcare,Perceptive Advisors,"Jefferies, Goldman Sachs",Clos. PR Link,SEC Filings,,,,8/30/2021
RIDE,Lordstown Motors Corp.,DPHC DiamondPeak Holdings Corp.,,10/23/2020,-76.50%,-25.30%,$2.35 ,8.30%,"$461,728,181 ",,,2/28/2019,$280.00 ,Real Estate,,Deutsche Bank,Clos. PR Link,SEC Filings,,,11/23/2020,1/15/2021
PAYA,Paya Holdings Inc.,FTAC FinTech Acquisition Corp III,,10/16/2020,-45.60%,-13.80%,$5.44 ,7.90%,"$718,187,810 ",,,11/16/2018,$345.00 ,Fintech,"Betsy Cohen (Founder/Fmr CEO Bancorp), D...",Cantor,Clos. PR Link,SEC Filings,,,11/16/2020,
TTCF,"Tattooed Chef, Inc",FMCI Forum Merger II Corporation,Ittella International,10/15/2020,26.40%,7.30%,$12.64 ,0.80%,"$1,036,257,435 ",,,8/3/2018,$200.00 ,,Marshall Kiev and David Boris (Forum I &...,"Jefferies, EarlyBirdCapital",Clos. PR Link,SEC Filings,,,,2/16/2021
CURI,CuriosityStream Inc.,SAQN Software Acquisition Group Inc,,10/14/2020,-66.80%,-29.00%,$3.32 ,4.10%,"$174,699,486 ",Warrants Trading,$0.54 ,11/19/2019,$149.50 ,"Software, Tech",,B. Riley FBR,Clos. PR Link,SEC Filings,,,11/19/2020,
SFT,Shift Technologies,INSU Insurance Acquisition Corp.,,10/13/2020,-82.00%,-27.60%,$1.80 ,2.90%,"$146,353,590 ",,,3/20/2019,$150.70 ,Insurance,Cohen & Company,Cantor,Clos. PR Link,SEC Filings,,,11/13/2020,1/8/2020
MPLN,MultiPlan Corporation,CCXX Churchill Capital III Corp,,10/8/2020,-50.00%,-24.20%,$5.00 ,4.00%,"$3,192,977,250 ",Warrants Trading,$1.12 ,2/14/2020,"$1,100.00 ",,Michael Klein (Former Co-CEO of Citi Mar...,"Citigroup, Goldman Sachs",Clos. PR Link,SEC Filings,,,2/14/2021,
HYLN,Hyliion,SHLL Tortoise Acquisition Corp,,10/1/2020,-57.90%,-19.10%,$4.21 ,5.50%,"$730,721,815 ",,,2/27/2019,$233.00 ,Energy,Vincent T. Cubbage (Tortoise Capital Adv...,"Barclays, Goldman Sachs",Clos. PR Link,SEC Filings,,,,12/30/2020
EQOS,Diginex Limited,JFK 8I Enterprises Acquisition Corp,,10/1/2020,-82.10%,-21.90%,$1.79 ,7.80%,"$69,895,480 ",,,6/12/2018,$50.00 ,Tech,,Chardan,Clos. PR Link,SEC Filings,,,,3/26/2021
VLDR,"Velodyne Lidar, Inc",GRAF Graf Industrial Corp,,9/29/2020,-79.10%,-21.10%,$2.09 ,1.50%,"$414,115,840 ",Warrants Trading,$0.92 ,6/12/2018,$243.80 ,Industrial,James Graf,"EarlyBirdCapital, Oppenheimer",Clos. PR Link,SEC Filings,,,10/29/2020,
GB,Global Blue Group,FPAC Far Point Acquisition Corp,,8/28/2020,-46.90%,-12.50%,$5.31 ,6.20%,"$958,640,648 ",Warrants Trading,$0.44 ,6/12/2018,$632.50 ,"Fintech, Tech, Financial Services","Dan Loeb (Founder, Third Point), Thomas ...","Credit Suisse, BofA Merrill Lynch",Clos. PR Link,SEC Filings,,,9/28/2020,
UTZ,"Utz Brands, Inc",CCH Collier Creek Holdings,"Utz Quality Foods, LLC",8/28/2020,53.60%,15.60%,$15.36 ,6.40%,"$1,207,252,608 ",,,10/5/2018,$440.00 ,Consumer Goods,Chinh Chu (Former Managing Director at B...,"Citigroup, Credit Suisse, BofA Merrill L...",Clos. PR Link,SEC Filings,,,9/28/2020,
HPK,"HighPeak Energy, Inc.",PACQ Pure Acquisition Corp,,8/24/2020,132.50%,32.50%,$23.25 ,-7.40%,"$2,263,949,615 ",Warrants Trading,$12.50 ,2/12/2018,$414.00 ,"Oil and Gas, Energy",,"Oppenheimer, EarlyBirdCapital",Clos. PR Link,SEC Filings,,,9/24/2020,
DMS,"Digital Media Solutions, Inc.",LHC Leo Holdings Corp.,,7/15/2020,-69.00%,-16.90%,$3.10 ,3.30%,"$112,192,686 ",Warrants Trading,$0.35 ,2/12/2018,$200.00 ,,"Lyndon Lea (Founder, Lion Capital), Robe...",Citigroup,Clos. PR Link,SEC Filings,,,8/15/2020,
HOFV,Hall of Fame Resort & Entertainment Company,GPAQ Gordon Pointe Acquisition Corp.,,7/1/2020,-90.50%,-22.00%,$0.95 ,3.50%,"$90,328,967 ",Warrants Trading,$0.17 ,1/25/2018,$125.00 ,FinTech,James Dolan,B. Riley FBR,Clos. PR Link,SEC Filings,,,8/1/2020,
IMTX,Immatics N.V.,ARYA ARYA Sciences Acquisition Corp,Immatics Biotechnologies GmbH,7/1/2020,-26.90%,-7.80%,$7.31 ,1.70%,"$459,861,990 ",Warrants Trading,$1.42 ,10/4/2018,$143.80 ,Healthcare,Perceptive Advisors,"Jefferies, Chardan",Clos. PR Link,SEC Filings,,,8/1/2020,
FREE,Whole Earth Brands Inc,ACTT Act II Global Acquisition Corp,"Merisant Company, MAFCO Worldwide (Subsidiaries of Flavors Holdings Inc.)",6/25/2020,-8.90%,-3.10%,$9.11 ,4.00%,"$350,529,916 ",Warrants Trading,$0.73 ,4/25/2019,$300.00 ,"Consumer packaged goods, Hospitality, Re...","Irwin Simon (Founder, Hain Celestial Gro...","JP Morgan, Cantor Fitzgerald",Clos. PR Link,SEC Filings,,,7/25/2020,
LGHL,Lion Group Holding Ltd,PAAC Proficient Alpha Acquisition Corp,Lion Financial Group,6/18/2020,-91.90%,-33.00%,$0.81 ,12.60%,"$23,855,542 ",Warrants Trading,$0.09 ,5/29/2019,$115.00 ,"China, Financial Services",,"I-Bankers, EarlyBirdCapital",Clos. PR Link,SEC Filings,,,7/18/2020,
LPRO,Open Lending Corp.,NEBU Nebula Acquisition Corporation,,6/10/2020,93.50%,22.50%,$19.35 ,4.90%,"$2,442,317,429 ",,,1/9/2018,$250.00 ,Tech,True Wind Capital,"Deutsche Bank, Goldman Sachs",Clos. PR Link,SEC Filings,,,,9/8/2020
NKLA,Nikola Corporation,VTIQ VectoIQ Acquisition Corp,,6/3/2020,-21.30%,-5.60%,$7.87 ,4.20%,"$3,182,452,381 ",,,5/15/2018,$230.00 ,,Stephen Girsky (CEO VectoIQ; Former Vice...,"Cowen, Chardan",Clos. PR Link,SEC Filings,,,,8/21/2020
HYMC,Hycroft Mining Holding Corporation,MUDS Mudrick Capital Acquisition Corporation,,5/29/2020,-93.70%,-22.90%,$0.63 ,-37.00%,"$38,058,881 ",Warrants Trading,$0.07 ,2/7/2018,$200.00 ,Post-Restructured companies,,Cantor,Clos. PR Link,SEC Filings,,,6/29/2020,
SJ,Scienjoy Holding Corp,HHHH Wealthbridge Acquisition Limited,,5/7/2020,-59.60%,-19.30%,$4.04 ,-2.70%,$0 ,,,2/6/2019,$50.00 ,"Air Transportation, China",,Chardan,Clos. PR Link,SEC Filings,,,,
DKNG,DraftKings Inc,DEAC Diamond Eagle Acquisition Corp,DraftKings and SBTech,4/23/2020,77.80%,27.50%,$17.78 ,2.30%,"$7,266,280,065 ",,,5/10/2019,$400.00 ,"Online Casino, Sports Betting","Jeff Sagansky, Harry Sloan (Former CEO o...","Deutsche Bank, Goldman Sachs",Clos. PR Link,SEC Filings,,,,6/6/2020
AVCT,American Virtual Cloud Technologies,WRLS Pensare Acquisition Corp.,"Stratos Management Systems, Inc.",4/17/2020,-91.90%,-19.90%,$0.81 ,-6.80%,"$72,507,361 ",Warrants Trading,$0.14 ,7/27/2017,$310.50 ,Telecom,,EarlyBirdCapital,Clos. PR Link,SEC Filings,,,5/17/2020,
METX,Meten EdtechX Education Group,EDTX EdTechx Holdings Acquisition Corp,Meten Education,3/30/2020,-98.30%,-28.70%,$0.17 ,2.40%,"$53,251,045 ",Warrants Trading,$0.11 ,10/5/2018,$55.00 ,EdTech,,"Chardan, I-Bankers",Clos. PR Link,SEC Filings,,,4/30/2020,
IGIC,International General Insuranc Hldgs Ltd,TIBR Tiberius Acquisition Corporation,International General Insurance Holdings Ltd,3/17/2020,-26.50%,-6.60%,$7.35 ,-2.50%,"$359,307,991 ",,,3/15/2018,$150.00 ,,,"Cantor, Dowling and Partners",Clos. PR Link,SEC Filings,,,4/17/2020,
BWMX,Betterware De Mexico,DDMX DD3 Acquisition Corp.,,3/13/2020,85.70%,25.10%,$18.57 ,3.10%,"$679,382,856 ",,,10/11/2018,$50.00 ,Mexico,,EarlyBirdCapital,Clos. PR Link,SEC Filings,,,,11/9/2020
GDYN,"Grid Dynamics Holdings, Inc",CTAC ChaSerg Technology Acquisition Corp.,,3/5/2020,13.30%,3.90%,$11.33 ,7.70%,"$758,592,921 ",,,10/4/2018,$200.00 ,Tech,,Cantor,Clos. PR Link,SEC Filings,,,4/5/2020,
GSMG,Glory Star New Media Group,TKKS TKK Symphony Acquisition Corporation,,2/15/2020,-89.70%,-25.20%,$1.03 ,-2.80%,"$70,166,074 ",Warrants Trading,$0.06 ,8/16/2018,$220.00 ,"Consumer Products, China",,EarlyBirdCapital,Clos. PR Link,SEC Filings,,,3/15/2020,
ATCX,Atlas Technical Consultants,BWMC Boxwood Merger Corp,Atlas Intermediate Holdings,2/14/2020,12.30%,3.70%,$11.23 ,3.00%,"$377,510,061 ",,,11/15/2018,$200.00 ,"Technical Services, Industrial Services","Steve Kadenacy (Former COO, AECOM)","BofA Merrill Lynch, Morgan Stanley, Macq...",Clos. PR Link,SEC Filings,,,,
ALTG,Alta Equipment Group Inc,BRPM B. Riley Principal Merger Corp,,2/14/2020,23.50%,8.10%,$12.35 ,3.00%,"$399,687,694 ",,,4/9/2019,$143.80 ,,Kenneth Young (President of B. Riley Fin...,B. Riley FBR,Clos. PR Link,SEC Filings,,,4/9/2020,
VRT,Vertiv Holdings Co,GSAH GS Acquisition Holdings Corp,Veritiv Holdings (Platinum Equity Portfolio Company),2/10/2020,9.20%,2.50%,$10.92 ,7.20%,"$4,105,832,247 ",,,6/8/2018,$600.00 ,,"Goldman Sachs, David Cote (Former CEO, H...",Goldman Sachs,Clos. PR Link,SEC Filings,,,,1/18/2021
PAE,PAE Inc,GRSH Gores Holdings III,PAE (Platinum Equity Portfolio Company),2/10/2020,,,,,,,,9/6/2018,$375.00 ,,Gores Group,Deutsche Bank,Clos. PR Link,SEC Filings,,,3/10/2020,
VVNT,Vivint Smart Home,MOSC Mosaic Acquisition Corp.,,1/17/2020,-30.00%,-6.90%,$7.00 ,2.80%,"$1,461,142,886 ",,,10/29/2017,$345.00 ,,Fortress,"Deutsche Bank, RBC Capital Markets, JP M...",Clos. PR Link,SEC Filings,,,,1/7/2021
